,date, pm25, pm10, o3, no2,3so2, co
0,01/08/2020,20.14,6.72,21.58,4.67,2.2,2.96
1,31/07/2020,28.21,9.84,22.67,4.11,2.36,3.01
2,30/07/2020,23.95,9.49,26.12,4.05,3.07,2.96
3,29/07/2020,30.31,8.54,23.09,3.76,4.14,2.88
4,28/07/2020,34.91,9.68,25.47,10.49,4.23,3.0
5,27/07/2020,20.66,10.13,24.82,25.02,4.05,3.0
6,26/07/2020,25.45,6.97,17.98,24.15,3.39,2.78
7,25/07/2020,33.43,9.37,17.65,8.22,3.41,2.92
8,24/07/2020,37.33,12.06,22.14,8.32,2.86,3.0
9,23/07/2020,24.72,11.4,22.48,8.17,1.56,3.0
10,22/07/2020,19.22,9.06,13.47,7.74,1.86,3.0
11,21/07/2020,14.8,9.01,14.13,7.68,1.78,2.86
12,20/07/2020,18.39,6.0,15.1,7.89,2.48,2.83
13,19/07/2020,23.45,6.18,13.57,8.09,3.49,2.96
14,18/07/2020,28.26,6.82,17.31,7.6,3.19,2.94
15,17/07/2020,30.62,9.52,20.68,6.94,2.82,2.84
16,16/07/2020,36.36,10.3,21.35,5.06,3.34,1.49
17,15/07/2020,26.41,10.79,24.2,5.96,3.15,1.85
18,14/07/2020,19.82,9.09,22.43,4.78,3.12,3.0
19,13/07/2020,17.92,7.83,20.84,3.84,3.18,2.98
20,12/07/2020,20.52,7.18,18.67,5.52,3.19,2.82
21,11/07/2020,22.66,9.04,18.45,6.75,3.37,1.86
22,10/07/2020,27.91,9.18,17.5,5.97,3.15,2.9
23,09/07/2020,32.57,8.53,14.76,6.25,1.99,2.98
24,08/07/2020,21.15,10.22,15.07,6.55,1.89,3.0
25,07/07/2020,16.1,10.55,20.53,6.58,2.37,3.0
26,06/07/2020,17.24,7.62,21.56,3.92,2.33,3.0
27,05/07/2020,14.34,6.93,19.71,3.64,3.13,3.0
28,04/07/2020,20.02,6.7,17.21,5.05,3.41,2.98
29,03/07/2020,22.92,7.74,16.45,6.45,2.72,2.89
30,02/07/2020,22.47,8.25,18.82,6.76,2.51,3.02
31,01/07/2020,26.26,8.98,21.73,6.97,2.49,3.15
32,30/06/2020,18.02,8.13,20.38,3.91,2.93,3.09
33,29/06/2020,22.56,8.77,21.0,3.28,2.8,3.0
34,28/06/2020,23.68,11.66,20.08,7.44,3.15,3.0
35,27/06/2020,20.78,11.9,18.73,6.15,4.23,2.98
36,26/06/2020,17.64,10.34,22.5,7.35,2.69,2.84
37,25/06/2020,16.25,8.6,22.92,4.3,3.43,2.97
38,24/06/2020,17.56,8.39,23.93,3.93,3.05,3.0
39,23/06/2020,19.38,9.4,26.59,4.82,2.0,2.95
40,22/06/2020,16.41,10.31,27.23,4.77,1.99,2.61
41,21/06/2020,16.0,8.55,25.28,6.06,1.95,1.49
42,20/06/2020,15.11,8.62,23.59,5.97,2.63,1.44
43,19/06/2020,17.02,7.72,25.2,5.95,2.87,2.95
44,18/06/2020,17.06,8.26,26.29,6.83,2.8,3.08
45,17/06/2020,16.21,7.96,25.76,5.11,2.57,3.08
46,16/06/2020,17.31,7.68,26.97,2.6,2.59,3.16
47,15/06/2020,16.67,7.9,28.16,2.87,2.57,3.07
48,14/06/2020,14.85,8.04,27.64,4.03,2.63,3.05
49,13/06/2020,13.08,7.0,26.41,4.82,2.86,2.84
50,12/06/2020,13.01,6.47,23.5,7.57,2.57,3.0
51,11/06/2020,13.86,7.03,23.11,7.15,2.48,3.0
52,10/06/2020,15.17,7.8,24.95,4.21,2.87,3.0
53,09/06/2020,20.9,5.59,27.01,5.45,1.57,3.0
54,08/06/2020,32.36,7.61,25.43,4.46,1.63,3.0
55,07/06/2020,30.07,11.62,27.54,6.46,2.29,3.0
56,06/06/2020,22.52,10.42,27.91,5.33,2.31,3.0
57,05/06/2020,21.46,9.02,27.75,4.96,3.05,3.0
58,04/06/2020,19.55,9.73,26.66,4.53,3.64,3.0
59,03/06/2020,16.87,7.79,24.91,3.66,3.15,3.01
60,02/06/2020,24.22,6.17,25.03,2.92,3.25,3.02
61,01/06/2020,19.19,7.57,25.57,3.32,3.3,3.13
62,31/05/2020,17.58,8.08,23.75,3.98,2.84,3.21
63,30/05/2020,13.79,7.9,21.19,5.27,3.97,3.02
64,29/05/2020,13.03,7.41,21.68,5.9,4.8,3.0
65,28/05/2020,14.22,7.51,22.01,8.34,4.72,3.0
66,27/05/2020,14.69,7.39,26.64,6.05,4.38,3.01
67,26/05/2020,12.5,6.52,26.62,7.13,4.14,3.0
68,25/05/2020,11.85,6.35,24.31,6.82,4.66,3.0
69,24/05/2020,12.93,7.09,25.68,6.71,4.16,3.0
70,23/05/2020,14.15,7.3,27.73,8.01,3.43,3.01
71,22/05/2020,14.13,6.91,27.08,8.93,3.39,2.99
72,21/05/2020,15.31,6.53,27.44,9.8,3.44,2.84
73,20/05/2020,14.69,7.19,26.74,9.4,3.64,2.86
74,19/05/2020,15.71,7.5,26.18,8.18,3.9,3.0
75,18/05/2020,16.66,7.72,26.45,6.91,4.07,3.0
76,17/05/2020,15.47,7.97,32.82,5.22,3.67,2.98
77,16/05/2020,16.06,10.9,35.9,4.56,3.42,3.01
78,15/05/2020,16.59,11.52,35.5,6.34,3.25,2.94
79,14/05/2020,14.6,14.17,37.43,11.34,3.09,2.62
80,13/05/2020,13.12,11.01,40.26,11.09,3.05,1.78
81,12/05/2020,12.04,8.41,34.87,10.15,2.92,2.85
82,11/05/2020,13.76,7.94,31.18,9.83,2.97,2.96
83,10/05/2020,13.03,7.88,27.7,8.87,3.03,3.0
84,09/05/2020,20.45,6.09,29.53,6.97,2.21,3.08
85,08/05/2020,34.16,9.08,32.6,3.89,2.55,3.05
86,07/05/2020,32.21,11.86,31.33,4.69,3.67,2.99
87,06/05/2020,23.05,10.57,27.89,6.0,3.98,2.99
88,05/05/2020,22.07,9.42,26.61,7.2,4.6,3.0
89,04/05/2020,20.0,9.49,27.85,7.45,5.08,3.0
90,03/05/2020,16.0,8.45,27.28,6.87,4.4,2.98
91,02/05/2020,24.23,7.47,29.72,7.08,4.25,2.92
92,01/05/2020,18.23,7.94,31.13,7.39,3.66,2.93
93,30/04/2020,15.76,11.22,24.62,10.88,4.34,2.92
94,29/04/2020,14.01,12.43,24.04,9.68,4.62,2.94
95,28/04/2020,14.83,11.25,26.77,7.04,4.46,2.96
96,27/04/2020,15.35,9.27,30.99,5.46,4.39,2.96
97,26/04/2020,12.91,8.3,27.86,5.6,4.68,2.98
98,25/04/2020,12.77,7.15,28.49,6.54,5.09,2.96
99,24/04/2020,14.74,15.15,31.55,7.03,4.77,2.96
100,23/04/2020,16.48,23.19,37.37,5.95,4.04,2.97
101,22/04/2020,17.17,19.08,40.98,7.52,3.77,2.99
102,21/04/2020,18.78,15.93,53.51,8.33,3.49,2.98
103,20/04/2020,18.18,16.96,51.34,11.5,3.56,2.98
104,19/04/2020,18.08,18.69,43.76,17.45,3.43,2.94
105,18/04/2020,18.57,19.37,31.85,13.44,3.46,2.92
106,17/04/2020,16.83,19.12,33.28,8.87,3.08,2.94
107,16/04/2020,17.25,17.2,34.35,5.65,2.99,2.94
108,15/04/2020,15.94,16.2,32.95,5.34,2.98,2.92
109,14/04/2020,13.99,11.44,34.2,4.48,2.99,2.95
110,13/04/2020,13.55,9.36,34.66,3.8,3.09,2.89
111,12/04/2020,13.63,9.54,34.85,4.95,2.96,2.54
112,11/04/2020,15.29,11.46,31.91,9.41,3.01,1.51
113,10/04/2020,14.11,12.65,31.29,9.81,2.8,1.66
114,09/04/2020,21.79,8.84,33.99,9.55,1.83,2.77
115,08/04/2020,36.06,12.49,34.14,4.81,2.01,2.88
116,07/04/2020,34.8,17.57,34.34,4.09,3.0,2.88
117,06/04/2020,26.16,17.11,33.27,5.92,3.27,2.8
118,05/04/2020,24.79,15.58,29.94,9.66,4.03,2.76
119,04/04/2020,19.41,14.3,32.6,5.59,4.66,2.87
120,03/04/2020,15.51,8.37,35.34,4.23,4.2,2.98
121,02/04/2020,23.27,6.23,30.25,7.33,3.86,2.97
122,01/04/2020,16.41,7.04,28.35,9.77,3.17,2.98
123,31/03/2020,17.74,9.01,30.5,7.17,2.89,1.08
124,30/03/2020,14.95,9.83,29.05,7.75,3.41,1.11
125,29/03/2020,14.24,9.28,34.38,6.79,3.41,1.08
126,28/03/2020,15.79,9.37,30.64,7.36,3.26,1.08
127,27/03/2020,15.36,9.52,27.79,9.52,3.03,1.1
128,26/03/2020,13.6,8.73,28.33,9.72,2.56,1.06
129,25/03/2020,12.12,7.91,28.82,9.07,3.16,1.08
130,24/03/2020,13.53,7.27,30.55,6.49,2.93,1.12
131,23/03/2020,14.22,8.36,28.52,6.25,2.25,1.4
132,22/03/2020,14.16,8.12,26.78,5.58,2.36,2.62
133,21/03/2020,15.29,7.01,22.58,5.2,2.27,2.8
134,20/03/2020,14.34,7.32,24.1,6.51,2.76,2.8
135,19/03/2020,14.65,7.39,25.84,9.31,2.83,2.62
136,18/03/2020,15.37,7.66,26.83,10.49,3.21,1.36
137,17/03/2020,14.22,7.93,28.03,9.42,3.43,1.32
138,16/03/2020,14.49,7.31,28.02,7.76,3.55,1.16
139,15/03/2020,13.61,8.17,27.95,8.02,3.47,1.65
140,14/03/2020,13.26,7.74,28.2,7.46,3.5,2.44
141,13/03/2020,12.32,7.38,29.58,6.28,3.62,1.66
142,12/03/2020,11.49,6.76,31.22,4.29,3.58,2.35
143,11/03/2020,13.38,6.87,28.36,7.06,3.4,1.6
144,10/03/2020,12.93,7.7,27.44,8.06,3.34,2.12
145,09/03/2020,20.65,4.03,29.28,8.81,2.43,2.27
146,08/03/2020,34.67,7.12,26.27,9.23,2.56,2.2
147,07/03/2020,32.48,12.34,22.21,11.99,3.38,1.98
148,06/03/2020,23.6,11.46,22.44,11.61,3.43,1.88
149,05/03/2020,21.52,9.56,22.67,12.1,4.1,2.08
150,04/03/2020,20.41,9.47,25.89,10.47,4.72,2.09
151,03/03/2020,16.35,9.22,29.04,5.16,4.02,2.01
152,02/03/2020,26.57,7.09,27.84,7.25,3.41,1.68
153,01/03/2020,19.92,10.06,24.04,10.56,2.47,1.96
154,29/02/2020,16.23,10.88,21.34,7.48,2.98,2.32
155,28/02/2020,17.89,10.94,20.96,7.59,2.98,2.38
156,27/02/2020,17.16,13.39,20.32,7.54,2.73,2.89
157,26/02/2020,15.7,12.57,15.58,7.14,2.1,2.94
158,25/02/2020,12.33,11.88,13.2,7.23,2.85,2.73
159,24/02/2020,13.43,8.78,20.51,7.96,2.56,2.05
160,23/02/2020,14.12,9.61,29.13,8.03,1.68,1.3
161,22/02/2020,14.24,9.66,28.34,8.55,1.65,1.22
162,21/02/2020,15.46,7.1,26.56,7.97,1.92,1.32
163,20/02/2020,14.42,7.58,27.31,7.63,2.34,1.16
164,19/02/2020,14.7,7.74,25.74,7.95,2.47,1.18
165,18/02/2020,15.43,8.13,27.68,9.56,2.68,1.14
166,17/02/2020,14.67,8.52,28.37,8.08,2.38,1.17
167,16/02/2020,14.95,8.01,26.73,7.03,2.31,1.45
168,15/02/2020,14.08,9.21,26.95,6.93,2.32,1.84
169,14/02/2020,13.4,8.22,25.43,7.23,2.4,1.58
170,13/02/2020,12.33,7.52,24.87,7.22,2.8,1.8
171,12/02/2020,11.55,6.85,24.26,7.38,2.84,2.52
172,11/02/2020,13.45,6.77,21.42,8.03,2.73,1.98
173,10/02/2020,12.85,7.87,22.63,8.68,2.42,2.81
174,09/02/2020,20.9,3.37,23.62,9.33,1.21,2.8
175,08/02/2020,35.43,7.33,27.46,7.12,1.37,2.34
176,07/02/2020,33.0,13.38,16.71,13.09,2.02,1.4
177,06/02/2020,23.32,12.0,19.89,10.57,2.08,1.19
178,05/02/2020,21.28,9.96,22.14,10.2,2.96,1.4
179,04/02/2020,19.95,9.59,25.77,11.38,3.66,1.44
180,03/02/2020,15.66,7.99,26.68,6.22,2.95,2.56
181,02/02/2020,24.2,5.96,24.98,6.98,2.56,2.97
182,01/02/2020,17.41,7.75,23.55,7.41,1.88,2.97
183,31/01/2020,20.24,6.31,22.41,3.66,2.34,3.0
184,30/01/2020,14.22,8.17,22.26,6.12,2.96,2.98
185,29/01/2020,11.45,6.02,22.27,4.63,2.99,3.0
186,28/01/2020,15.64,5.17,19.99,4.91,2.96,3.0
187,27/01/2020,17.73,6.56,19.52,4.52,2.58,3.0
188,26/01/2020,13.01,5.7,21.74,3.03,1.74,3.0
189,25/01/2020,8.35,3.4,21.87,3.25,2.8,2.99
190,24/01/2020,10.97,3.33,21.48,6.21,2.48,3.0
191,23/01/2020,15.2,4.37,20.53,6.97,1.16,3.0
192,22/01/2020,15.99,5.61,20.4,8.42,1.05,3.0
193,21/01/2020,20.27,5.85,19.8,6.59,1.39,2.98
194,20/01/2020,17.65,8.02,20.46,5.14,2.0,3.0
195,19/01/2020,19.03,7.65,20.02,6.62,2.2,2.99
196,18/01/2020,20.82,8.48,19.7,11.47,2.61,2.99
197,17/01/2020,17.29,9.11,22.81,5.55,2.07,2.99
198,16/01/2020,17.81,7.43,24.31,2.36,2.01,2.98
199,15/01/2020,15.16,7.48,25.7,1.74,2.05,3.33
200,14/01/2020,13.94,6.16,25.81,2.64,2.26,3.13
201,13/01/2020,11.76,5.66,25.5,2.43,2.81,3.26
202,12/01/2020,10.94,4.52,24.63,3.16,2.83,4.46
203,11/01/2020,20.15,3.63,25.54,5.36,2.28,4.56
204,10/01/2020,22.05,7.19,24.39,9.01,1.43,4.33
205,09/01/2020,19.06,8.0,20.99,9.77,1.21,3.34
206,08/01/2020,11.09,7.75,23.18,4.56,1.99,3.15
207,07/01/2020,8.65,4.61,24.62,3.28,2.41,3.0
208,06/01/2020,9.46,3.22,25.86,5.48,1.27,3.0
209,05/01/2020,14.97,3.6,24.7,2.82,1.5,3.0
210,04/01/2020,20.78,6.16,24.11,5.91,2.06,3.0
211,03/01/2020,23.18,8.66,23.64,6.83,1.85,3.07
212,02/01/2020,46.23,8.81,22.26,2.27,1.4,3.06
213,01/01/2020,29.53,13.65,17.38,3.01,1.79,3.06
214,31/12/2019,17.52,9.3,19.03,14.87,2.66,2.68
215,30/12/2019,17.32,9.22,19.15,14.82,2.67,2.63
216,29/12/2019,17.0,8.23,20.72,9.65,2.59,2.94
217,28/12/2019,16.09,5.96,21.7,3.68,1.79,2.97
218,27/12/2019,20.27,5.03,19.25,6.46,1.11,2.93
219,26/12/2019,22.58,6.03,20.51,4.34,1.09,2.86
220,25/12/2019,19.01,6.35,19.84,9.51,1.29,3.02
221,24/12/2019,16.45,6.52,19.91,12.33,1.73,3.08
222,23/12/2019,25.39,5.89,19.89,8.41,2.75,3.0
223,22/12/2019,19.06,6.89,15.87,12.11,1.85,2.96
224,21/12/2019,16.54,5.33,19.26,10.41,1.91,2.99
225,20/12/2019,19.64,4.91,19.75,11.11,1.28,2.97
226,19/12/2019,16.16,6.4,14.53,12.96,1.35,2.96
227,18/12/2019,13.13,5.73,16.89,11.66,2.68,3.0
228,17/12/2019,13.42,4.79,20.51,9.26,2.74,3.02
229,16/12/2019,16.15,5.48,22.64,5.63,1.43,3.04
230,15/12/2019,11.65,6.6,23.66,4.61,1.81,3.04
231,14/12/2019,19.85,4.08,20.52,6.98,2.17,3.02
232,13/12/2019,20.03,5.9,15.2,14.31,5.28,3.02
233,12/12/2019,12.87,6.61,23.48,7.48,5.89,3.0
234,11/12/2019,12.49,5.08,26.18,3.64,5.93,3.0
235,10/12/2019,15.68,5.09,24.93,6.03,5.7,3.0
236,09/12/2019,10.75,7.57,23.57,8.85,5.33,3.0
237,08/12/2019,7.63,4.56,27.54,3.61,5.83,3.0
238,07/12/2019,11.83,3.16,23.76,4.2,5.66,3.0
239,06/12/2019,12.21,4.56,23.92,7.46,5.19,3.0
240,05/12/2019,19.06,5.08,24.25,3.47,4.94,3.0
241,04/12/2019,22.82,7.84,23.2,4.98,4.72,3.0
242,03/12/2019,17.48,8.47,20.86,10.32,4.12,3.0
243,02/12/2019,28.66,6.89,17.24,9.67,4.09,3.01
244,01/12/2019,40.81,7.6,13.54,15.37,4.04,3.0
245,30/11/2019,21.04,12.95,6.42,23.4,1.83,1.5
246,29/11/2019,16.82,9.7,11.32,17.63,1.26,2.82
247,28/11/2019,20.61,6.89,16.28,7.96,1.11,2.98
248,27/11/2019,24.58,6.46,12.6,9.3,1.07,2.98
249,26/11/2019,40.71,7.85,11.51,4.74,1.33,2.93
250,25/11/2019,45.77,11.17,12.12,5.63,2.45,2.88
251,24/11/2019,38.67,14.71,11.49,5.11,2.74,2.88
252,23/11/2019,33.26,12.81,19.23,3.5,2.65,2.6
253,22/11/2019,31.99,11.46,20.46,6.58,1.37,2.13
254,21/11/2019,38.94,10.02,18.64,4.67,1.79,2.64
255,20/11/2019,26.47,11.46,12.33,9.32,1.37,1.74
256,19/11/2019,31.99,9.38,8.62,16.98,1.77,2.7
257,18/11/2019,35.62,11.25,7.5,20.1,2.02,2.92
258,17/11/2019,24.31,10.93,5.92,16.4,2.01,2.44
259,16/11/2019,14.41,8.7,11.17,12.64,1.16,1.27
260,15/11/2019,12.19,6.22,16.95,8.25,1.23,1.24
261,14/11/2019,15.89,5.55,15.13,11.33,2.0,1.27
262,13/11/2019,10.41,5.95,11.75,13.9,3.65,1.69
263,12/11/2019,10.08,3.8,14.38,10.36,3.14,1.13
264,11/11/2019,15.89,3.89,19.71,8.41,3.09,1.19
265,10/11/2019,17.6,6.68,20.93,8.53,3.01,1.34
266,09/11/2019,16.45,8.24,21.91,9.25,2.84,1.89
267,08/11/2019,15.97,8.2,22.04,10.33,2.48,1.8
268,07/11/2019,28.42,6.67,22.93,5.19,2.93,1.31
269,06/11/2019,24.73,11.86,18.84,8.96,2.98,1.67
270,05/11/2019,23.2,11.55,21.58,8.36,3.0,1.61
271,04/11/2019,26.13,9.97,21.53,3.86,2.78,2.73
272,03/11/2019,22.39,11.28,19.47,4.03,2.2,2.9
273,02/11/2019,29.66,7.61,11.68,9.57,2.07,2.75
274,01/11/2019,32.35,8.55,10.15,9.1,2.18,2.28
275,31/10/2019,14.73,9.16,20.98,7.19,2.1,1.08
276,30/10/2019,12.33,6.09,21.72,9.83,2.03,1.13
277,29/10/2019,13.82,5.94,21.76,9.34,1.94,1.37
278,28/10/2019,12.3,6.29,18.76,11.89,1.89,1.69
279,27/10/2019,11.46,5.14,19.74,9.55,1.76,1.37
280,26/10/2019,10.91,5.04,21.51,7.02,1.82,1.19
281,25/10/2019,12.45,4.71,22.93,4.4,1.48,1.25
282,24/10/2019,10.91,6.58,22.62,6.14,2.06,2.11
283,23/10/2019,13.15,4.51,21.96,7.13,2.14,2.82
284,22/10/2019,15.03,4.97,24.02,4.49,1.85,2.44
285,21/10/2019,11.99,5.66,23.55,5.51,1.99,1.4
286,20/10/2019,12.69,5.94,23.09,9.25,1.94,1.08
287,19/10/2019,16.4,5.75,23.14,8.31,1.98,1.41
288,18/10/2019,22.67,6.8,21.79,8.73,2.02,2.22
289,17/10/2019,19.52,7.91,14.37,13.16,2.02,1.24
290,16/10/2019,21.25,8.01,14.52,11.99,1.7,1.2
291,15/10/2019,25.84,8.16,16.56,11.61,1.35,2.32
292,14/10/2019,19.26,9.49,15.47,12.85,2.07,1.46
293,13/10/2019,19.9,6.96,12.87,11.56,3.95,1.81
294,12/10/2019,12.28,6.74,13.87,10.19,3.93,2.78
295,11/10/2019,19.43,5.61,20.32,4.83,3.91,2.96
296,10/10/2019,18.58,7.92,21.19,3.79,3.79,2.98
297,09/10/2019,17.21,6.37,22.53,5.03,3.1,3.0
298,08/10/2019,18.28,6.97,21.88,3.15,2.99,3.0
299,07/10/2019,18.55,6.92,21.95,3.31,2.85,2.98
300,06/10/2019,16.93,6.5,20.63,4.2,2.21,2.97
301,05/10/2019,16.91,6.47,21.02,6.23,2.36,2.94
302,04/10/2019,17.95,7.43,19.32,5.89,2.08,2.98
303,03/10/2019,14.0,7.57,21.29,5.69,2.04,2.98
304,02/10/2019,11.42,6.5,16.33,9.18,2.09,2.98
305,01/10/2019,11.56,6.01,17.51,10.6,2.61,2.9
306,30/09/2019,12.32,6.01,23.81,6.84,3.03,2.64
307,29/09/2019,18.86,4.57,22.0,4.02,2.91,2.48
308,28/09/2019,11.27,7.18,19.11,5.14,1.81,1.65
309,27/09/2019,13.14,4.59,16.23,6.66,3.3,2.8
310,26/09/2019,14.88,5.14,15.85,7.27,7.82,2.88
311,25/09/2019,22.74,5.43,16.98,5.39,11.26,2.86
312,24/09/2019,17.04,8.22,17.16,7.67,10.85,2.97
313,23/09/2019,19.38,6.62,16.54,7.02,10.14,2.99
314,22/09/2019,39.54,7.26,17.48,7.41,8.84,2.96
315,21/09/2019,29.37,13.85,17.24,8.95,8.45,2.95
316,20/09/2019,28.36,11.6,20.4,8.33,6.68,2.94
317,19/09/2019,19.81,10.93,18.59,12.28,4.74,2.97
318,18/09/2019,19.53,7.47,16.17,9.3,3.19,3.0
319,17/09/2019,21.12,8.54,13.55,11.98,2.84,2.44
320,16/09/2019,21.22,9.73,17.47,11.41,4.0,1.68
321,15/09/2019,30.33,10.46,17.5,10.63,4.0,2.76
322,14/09/2019,16.78,13.58,18.13,9.91,3.91,2.82
323,13/09/2019,20.37,7.02,18.65,5.63,3.45,2.9
324,12/09/2019,13.27,9.15,16.77,8.71,2.74,2.98
325,11/09/2019,13.96,6.24,16.05,7.5,4.54,3.0
326,10/09/2019,14.85,6.39,15.79,5.98,6.15,3.0
327,09/09/2019,14.05,5.4,15.29,6.93,5.35,3.0
328,08/09/2019,11.25,5.12,14.68,7.25,5.63,3.0
329,07/09/2019,10.26,4.39,18.5,7.37,3.95,3.0
330,06/09/2019,13.66,4.44,20.17,8.97,4.58,3.0
331,05/09/2019,18.37,6.28,17.94,8.53,7.85,3.0
332,04/09/2019,13.66,8.42,18.63,6.46,4.59,2.98
333,03/09/2019,6.17,6.33,18.54,5.25,5.44,2.98
334,02/09/2019,7.17,3.34,17.9,4.81,4.62,3.0
335,01/09/2019,10.17,3.37,19.55,4.96,4.89,3.01
336,31/08/2019,24.58,6.43,18.51,6.66,4.06,3.1
337,30/08/2019,17.9,8.82,20.98,7.03,3.84,3.22
338,29/08/2019,17.64,6.96,18.68,2.79,5.77,3.05
339,28/08/2019,16.85,7.05,19.48,4.34,5.38,3.1
340,27/08/2019,26.77,6.19,20.76,9.62,5.97,3.31
341,26/08/2019,32.77,10.24,19.98,12.23,4.36,3.97
342,25/08/2019,47.18,10.16,25.33,7.68,4.33,4.15
343,24/08/2019,25.72,15.49,28.69,10.5,4.07,4.82
344,23/08/2019,18.59,9.6,29.58,7.24,3.49,4.78
345,22/08/2019,18.09,6.76,17.68,4.27,3.38,4.49
346,21/08/2019,17.01,7.13,19.19,4.97,3.74,5.08
347,20/08/2019,17.86,6.22,18.46,6.88,3.34,6.78
348,19/08/2019,18.9,7.37,17.83,11.82,4.5,7.64
349,18/08/2019,17.68,9.16,17.72,9.74,5.3,3.7
350,17/08/2019,16.34,7.76,18.69,13.24,6.1,3.35
351,16/08/2019,13.11,7.56,19.08,15.02,6.64,2.94
352,15/08/2019,15.31,5.2,17.89,16.11,5.59,2.96
353,14/08/2019,13.87,7.41,16.93,9.09,5.04,3.0
354,13/08/2019,13.94,5.36,17.67,9.41,4.57,3.0
355,12/08/2019,11.48,5.78,19.0,8.07,3.32,2.98
356,11/08/2019,10.2,4.85,17.65,7.55,4.07,2.85
357,10/08/2019,16.86,4.38,17.05,6.23,5.17,3.0
358,09/08/2019,16.23,7.3,19.21,6.54,5.97,3.0
359,08/08/2019,10.89,7.24,20.1,5.61,4.9,3.0
360,07/08/2019,11.84,5.33,20.6,7.37,4.33,3.0
361,06/08/2019,15.27,5.06,16.68,8.2,4.73,3.0
362,05/08/2019,18.24,5.98,16.78,5.7,5.07,3.0
363,04/08/2019,25.5,6.92,18.62,3.13,3.82,2.96
364,03/08/2019,18.09,8.83,20.24,3.99,3.04,2.9
365,02/08/2019,17.26,6.79,19.98,4.22,1.74,2.94
366,01/08/2019,20.14,6.74,21.58,4.67,2.9,2.96
367,31/07/2019,28.21,10.58,22.67,4.11,2.09,3.01
368,30/07/2019,23.95,9.95,26.12,4.05,2.99,2.96
369,29/07/2019,30.31,9.22,23.09,3.76,6.86,2.88
370,28/07/2019,34.91,10.72,25.47,10.49,7.55,3.0
371,27/07/2019,20.66,11.39,24.82,25.02,7.24,3.0
372,26/07/2019,25.45,7.17,17.98,24.15,6.31,2.78
373,25/07/2019,33.43,10.75,17.65,8.22,4.88,2.92
374,24/07/2019,37.33,13.93,22.14,8.32,3.49,3.0
375,23/07/2019,24.72,13.3,22.48,8.17,1.81,3.0
376,22/07/2019,19.22,9.84,13.47,7.74,2.57,3.0
377,21/07/2019,14.8,9.67,14.13,7.68,1.89,2.86
378,20/07/2019,18.39,5.6,15.1,7.89,3.51,2.83
379,19/07/2019,23.45,5.82,13.57,8.09,6.39,2.96
380,18/07/2019,28.26,6.92,17.31,7.6,4.59,2.94
381,17/07/2019,30.62,9.71,20.68,6.94,4.05,2.84
382,16/07/2019,36.36,10.9,21.35,5.06,5.54,1.49
383,15/07/2019,26.41,11.59,24.2,5.96,5.09,1.85
384,14/07/2019,19.82,9.66,22.43,4.78,4.77,3.0
385,13/07/2019,17.92,8.07,20.84,3.84,4.15,2.98
386,12/07/2019,20.52,7.31,18.67,5.52,4.01,2.82
387,11/07/2019,22.66,9.64,18.45,6.75,4.63,1.86
388,10/07/2019,27.91,9.65,17.5,5.97,4.72,2.9
389,09/07/2019,32.57,9.99,14.76,6.25,4.01,2.98
390,08/07/2019,21.15,10.59,15.07,6.55,3.23,3.0
391,07/07/2019,16.1,9.73,20.53,6.58,3.1,3.0
392,06/07/2019,17.24,6.75,21.56,3.92,3.07,3.0
393,05/07/2019,14.34,5.98,19.71,3.64,3.22,3.0
394,04/07/2019,20.02,5.84,17.21,5.05,2.86,2.98
395,03/07/2019,22.92,7.72,16.45,6.45,2.22,2.89
396,02/07/2019,22.47,8.97,18.82,6.76,2.25,3.02
397,01/07/2019,26.26,9.5,21.73,6.97,3.71,3.15
398,30/06/2019,30.56,8.84,20.38,3.91,2.87,3.09
399,29/06/2019,49.77,11.23,21.0,3.28,2.7,3.0
400,28/06/2019,43.51,19.77,20.08,7.44,4.32,3.0
401,27/06/2019,34.91,18.94,18.73,6.15,7.28,2.98
402,26/06/2019,29.92,14.91,22.5,7.35,4.44,2.84
403,25/06/2019,26.45,12.45,22.92,4.3,4.76,2.97
404,24/06/2019,30.77,11.88,23.93,3.93,4.18,3.0
405,23/06/2019,33.54,13.67,26.59,4.82,2.98,2.95
406,22/06/2019,22.7,14.43,27.23,4.77,2.83,2.61
407,21/06/2019,19.57,10.49,25.28,6.06,2.37,1.49
408,20/06/2019,17.46,9.28,23.59,5.97,3.25,1.44
409,19/06/2019,22.87,7.38,25.2,5.95,3.88,2.95
410,18/06/2019,21.96,8.46,26.29,6.83,3.13,3.08
411,17/06/2019,21.82,6.99,25.76,5.11,3.06,3.08
412,16/06/2019,24.61,7.22,26.97,2.6,3.09,3.16
413,15/06/2019,25.94,7.44,28.16,2.87,3.04,3.07
414,14/06/2019,18.77,9.13,27.64,4.03,3.03,3.05
415,13/06/2019,14.6,6.77,26.41,4.82,2.8,2.84
416,12/06/2019,15.02,5.9,23.5,7.57,1.8,3.0
417,11/06/2019,14.04,6.91,23.11,7.15,1.61,3.0
418,10/06/2019,20.58,7.42,24.95,4.21,3.81,3.0
419,09/06/2019,19.7,8.27,27.01,5.45,2.61,3.0
420,08/06/2019,26.85,6.8,25.43,4.46,2.34,3.0
421,07/06/2019,23.81,9.59,27.54,6.46,2.89,3.0
422,06/06/2019,20.88,9.03,27.91,5.33,2.99,3.0
423,05/06/2019,22.47,8.17,27.75,4.96,3.07,3.0
424,04/06/2019,19.76,10.02,26.66,4.53,3.59,3.0
425,03/06/2019,20.7,7.67,24.91,3.66,3.64,3.01
426,02/06/2019,24.3,6.27,25.03,2.92,4.84,3.02
427,01/06/2019,28.91,8.35,25.57,3.32,6.87,3.13
428,31/05/2019,24.16,8.85,23.75,3.98,3.94,3.21
429,30/05/2019,22.36,7.32,21.19,5.27,6.49,3.02
430,29/05/2019,23.87,7.46,21.68,5.9,9.68,3.0
431,28/05/2019,16.51,8.03,22.01,8.34,9.46,3.0
432,27/05/2019,16.83,6.83,26.64,6.05,9.04,3.01
433,26/05/2019,19.07,5.9,26.62,7.13,9.75,3.0
434,25/05/2019,21.46,7.78,24.31,6.82,9.51,3.0
435,24/05/2019,22.07,8.98,25.68,6.71,8.49,3.0
436,23/05/2019,17.95,8.13,27.73,8.01,8.15,3.01
437,22/05/2019,18.05,6.49,27.08,8.93,8.1,2.99
438,21/05/2019,19.82,5.36,27.44,9.8,7.71,2.84
439,20/05/2019,23.0,5.46,26.74,9.4,7.23,2.86
440,19/05/2019,25.3,6.83,26.18,8.18,7.81,3.0
441,18/05/2019,25.72,6.93,26.45,6.91,7.78,3.0
442,17/05/2019,36.55,6.73,32.82,5.22,7.38,2.98
443,16/05/2019,44.22,14.65,35.9,4.56,6.66,3.01
444,15/05/2019,58.71,16.24,35.5,6.34,5.81,2.94
445,14/05/2019,43.68,23.93,37.43,11.34,5.0,2.62
446,13/05/2019,28.96,16.21,40.26,11.09,3.95,1.78
447,12/05/2019,25.96,11.03,34.87,10.15,3.25,2.85
448,11/05/2019,21.29,9.46,31.18,9.83,3.62,2.96
449,10/05/2019,19.94,7.97,27.7,8.87,4.99,3.0
450,09/05/2019,21.42,9.84,29.53,6.97,5.79,3.08
451,08/05/2019,26.03,11.0,32.6,3.89,6.74,3.05
452,07/05/2019,22.94,10.2,31.33,4.69,8.97,2.99
453,06/05/2019,22.59,9.54,27.89,6.0,10.62,2.99
454,05/05/2019,26.24,9.36,26.61,7.2,9.93,3.0
455,04/05/2019,21.59,9.82,27.85,7.45,9.7,3.0
456,03/05/2019,19.21,9.1,27.28,6.87,9.25,2.98
457,02/05/2019,24.5,9.89,29.72,7.08,9.77,2.92
458,01/05/2019,33.69,10.06,31.13,7.39,9.48,2.93
459,30/04/2019,48.52,15.66,24.62,10.93,7.79,2.94
460,29/04/2019,37.4,20.25,24.04,9.67,8.95,2.96
461,28/04/2019,25.06,17.29,26.77,7.03,8.31,2.98
462,27/04/2019,25.29,11.76,30.99,5.43,9.05,2.98
463,26/04/2019,23.87,10.45,27.86,5.57,11.45,3.0
464,25/04/2019,43.36,8.86,28.49,6.51,10.95,2.98
465,24/04/2019,73.58,26.91,31.55,6.98,10.75,2.98
466,23/04/2019,65.66,46.85,37.37,5.92,10.34,2.99
467,22/04/2019,72.06,37.01,40.98,7.48,9.66,3.01
468,21/04/2019,76.69,29.09,53.51,8.33,8.14,3.0
469,20/04/2019,79.1,29.23,51.34,11.63,6.82,3.0
470,19/04/2019,71.35,33.9,43.76,17.58,6.21,2.96
471,18/04/2019,67.3,35.62,31.85,13.52,5.55,2.94
472,17/04/2019,58.5,34.81,33.28,8.84,5.26,2.96
473,16/04/2019,59.98,29.61,34.35,5.62,5.15,2.96
474,15/04/2019,49.64,27.91,32.95,5.3,5.06,2.94
475,14/04/2019,31.91,17.58,34.2,4.44,4.79,2.97
476,13/04/2019,34.67,12.14,34.66,3.75,3.98,2.91
477,12/04/2019,47.41,12.94,34.85,4.91,3.28,2.52
478,11/04/2019,47.29,18.05,31.91,9.37,3.83,1.41
479,10/04/2019,40.75,19.46,31.29,9.77,4.09,1.58
480,09/04/2019,41.08,16.32,33.99,9.49,4.19,2.78
481,08/04/2019,48.76,19.05,34.14,4.83,4.86,2.93
482,07/04/2019,59.61,23.69,34.34,3.95,6.84,3.01
483,06/04/2019,62.53,24.78,33.27,5.78,8.16,2.95
484,05/04/2019,51.32,23.78,29.94,9.54,8.03,2.91
485,04/04/2019,19.37,20.97,32.6,5.57,8.33,2.99
486,03/04/2019,15.19,8.13,35.34,4.28,8.87,3.0
487,02/04/2019,20.7,6.46,30.25,7.36,8.7,2.97
488,01/04/2019,21.32,7.61,28.35,9.7,7.95,2.96
489,31/03/2019,24.14,13.2,30.5,7.47,4.19,1.02
490,30/03/2019,32.86,13.32,29.05,7.52,4.84,1.05
491,29/03/2019,33.12,13.88,34.38,6.34,4.73,1.02
492,28/03/2019,30.68,14.62,30.64,7.01,4.12,1.02
493,27/03/2019,24.87,15.2,27.79,10.64,4.03,1.04
494,26/03/2019,25.86,13.37,28.33,10.96,4.01,1.0
495,25/03/2019,22.68,13.01,28.82,9.98,4.02,1.04
496,24/03/2019,25.92,10.17,30.55,6.25,4.11,1.06
497,23/03/2019,20.51,12.2,28.52,5.61,4.17,1.38
498,22/03/2019,17.46,10.54,26.78,4.52,4.5,2.62
499,21/03/2019,14.66,6.56,22.58,4.15,3.47,2.8
500,20/03/2019,13.92,4.21,24.1,6.13,3.96,2.82
501,19/03/2019,15.15,5.81,25.84,9.36,4.03,2.64
502,18/03/2019,16.39,6.25,26.83,10.53,4.52,1.28
503,17/03/2019,17.38,6.7,28.03,9.72,6.75,1.24
504,16/03/2019,19.79,5.77,28.02,7.78,7.51,1.03
505,15/03/2019,20.05,10.25,28.01,8.55,7.08,1.56
506,14/03/2019,19.91,8.89,28.26,7.46,6.93,2.36
507,13/03/2019,17.49,7.91,29.65,6.48,6.8,1.5
508,12/03/2019,16.77,5.66,31.29,3.0,6.55,2.31
509,11/03/2019,17.06,6.72,28.41,6.66,5.59,1.42
510,10/03/2019,17.29,6.33,27.57,7.84,6.74,2.01
511,09/03/2019,16.52,7.02,29.55,8.4,6.97,2.17
512,08/03/2019,18.54,6.33,26.28,10.2,7.04,2.14
513,07/03/2019,17.89,6.82,22.57,11.84,8.47,2.09
514,06/03/2019,22.51,8.3,22.68,11.77,8.71,2.02
515,05/03/2019,19.97,7.67,22.61,12.84,8.23,2.2
516,04/03/2019,26.99,9.22,25.94,9.78,8.72,2.14
517,03/03/2019,25.78,12.99,28.95,4.61,7.88,1.82
518,02/03/2019,58.29,10.72,27.62,7.59,6.75,1.43
519,01/03/2019,63.88,19.03,23.69,12.31,5.28,1.85
520,28/02/2019,84.18,28.06,21.01,16.65,3.96,2.34
521,27/02/2019,81.92,37.87,20.53,22.67,3.88,2.88
522,26/02/2019,80.26,35.32,15.37,24.47,3.15,2.94
523,25/02/2019,45.56,33.21,13.48,21.84,2.16,2.72
524,24/02/2019,49.33,17.96,20.94,14.48,1.72,1.98
525,23/02/2019,39.52,20.59,29.72,7.55,2.04,1.18
526,22/02/2019,20.24,19.27,28.84,7.06,2.32,1.08
527,21/02/2019,16.18,6.85,26.98,5.06,3.01,1.18
528,20/02/2019,21.69,4.33,27.88,4.64,3.73,1.02
529,19/02/2019,21.51,7.17,26.11,6.99,3.79,1.04
530,18/02/2019,28.54,9.21,28.54,3.72,3.5,1.0
531,17/02/2019,23.41,10.84,29.91,3.53,3.79,1.01
532,16/02/2019,51.0,8.86,28.13,6.79,2.79,1.23
533,15/02/2019,35.64,18.15,28.56,13.86,1.85,1.67
534,14/02/2019,24.47,15.02,26.87,9.37,1.54,1.31
535,13/02/2019,18.96,10.15,26.04,4.75,1.55,1.41
536,12/02/2019,18.71,6.8,25.16,5.78,1.72,2.32
537,11/02/2019,18.6,6.55,21.66,11.52,1.52,1.62
538,10/02/2019,18.45,7.38,25.6,9.03,2.45,2.74
539,09/02/2019,19.57,8.24,27.12,5.96,2.13,2.62
540,08/02/2019,24.86,7.0,27.8,5.87,4.42,1.62
541,07/02/2019,21.6,8.52,23.38,10.59,4.55,2.46
542,06/02/2019,25.04,8.87,25.13,8.4,3.81,2.03
543,05/02/2019,18.44,7.66,19.08,14.16,3.34,2.53
544,04/02/2019,22.33,6.07,24.33,10.11,3.58,2.02
545,03/02/2019,23.9,8.45,23.11,10.34,3.09,2.22
546,02/02/2019,48.01,8.86,20.15,14.08,3.48,2.88
547,01/02/2019,43.25,15.21,12.56,22.3,4.68,2.93
548,31/01/2019,18.43,9.97,19.46,19.64,4.94,2.6
549,30/01/2019,16.41,6.44,22.68,13.61,4.92,1.92
550,29/01/2019,17.9,6.2,25.05,12.18,4.71,1.89
551,28/01/2019,21.24,8.33,24.45,10.74,4.34,1.85
552,27/01/2019,24.11,6.64,25.24,7.08,4.76,1.76
553,26/01/2019,24.56,4.96,23.59,9.54,4.32,1.2
554,25/01/2019,37.68,4.39,20.99,16.49,3.64,1.48
555,24/01/2019,30.68,4.36,13.22,22.33,4.27,2.71
556,23/01/2019,24.95,4.43,14.69,21.38,3.24,2.23
557,22/01/2019,26.57,4.84,18.59,18.43,3.26,1.97
558,21/01/2019,53.06,5.13,19.14,13.28,1.99,1.44
559,20/01/2019,55.51,6.94,13.4,14.11,2.6,2.08
560,19/01/2019,29.87,10.49,12.52,12.74,1.47,2.0
561,18/01/2019,22.48,15.6,15.53,13.32,1.44,2.09
562,17/01/2019,19.22,10.33,20.41,14.71,2.74,2.24
563,16/01/2019,26.46,8.43,19.19,14.01,2.42,2.78
564,15/01/2019,26.17,10.86,20.99,13.43,4.54,3.92
565,14/01/2019,25.45,10.77,21.51,11.88,6.14,3.76
566,13/01/2019,25.73,10.43,24.48,8.08,6.93,3.19
567,12/01/2019,26.13,9.84,22.7,9.75,6.1,3.32
568,11/01/2019,26.44,9.09,17.22,14.42,5.03,3.29
569,10/01/2019,27.16,7.78,13.41,16.89,4.69,3.23
570,09/01/2019,26.8,10.37,16.92,17.5,4.25,3.78
571,08/01/2019,27.78,11.15,21.88,14.46,4.84,3.62
572,07/01/2019,39.09,10.59,21.41,8.84,4.6,3.02
573,06/01/2019,40.39,9.97,16.53,11.39,3.25,3.01
574,05/01/2019,40.11,10.44,17.4,13.79,2.92,3.01
575,04/01/2019,40.75,15.57,16.8,14.56,2.26,3.0
576,03/01/2019,36.69,13.75,15.68,17.17,2.07,3.07
577,02/01/2019,30.67,14.03,14.08,18.15,2.33,3.06
578,01/01/2019,30.34,12.98,18.64,16.66,3.1,3.06
579,31/12/2018,19.75,9.26,22.68,8.75,3.14,2.27
580,30/12/2018,19.0,7.28,23.93,8.51,3.3,1.46
581,29/12/2018,24.2,7.27,23.81,7.17,3.38,1.94
582,28/12/2018,33.12,9.28,21.06,6.68,3.19,2.05
583,27/12/2018,35.84,11.85,18.27,7.21,3.15,1.9
584,26/12/2018,43.75,11.9,18.48,7.56,3.0,1.7
585,25/12/2018,39.83,12.91,15.11,13.05,3.0,3.11
586,24/12/2018,28.34,10.67,9.61,19.9,3.0,3.66
587,23/12/2018,19.31,8.18,16.37,16.13,2.94,2.81
588,22/12/2018,20.74,6.06,18.68,10.74,2.77,2.34
589,21/12/2018,18.07,6.64,18.82,12.09,2.27,2.67
590,20/12/2018,22.08,5.33,21.08,10.74,2.36,2.18
591,19/12/2018,18.8,7.72,22.37,11.36,2.81,2.28
592,18/12/2018,24.65,6.96,22.94,8.51,5.29,3.06
593,17/12/2018,28.13,8.1,20.68,11.5,7.43,4.32
594,16/12/2018,42.81,7.59,22.39,8.33,8.35,4.73
595,15/12/2018,36.03,11.76,15.79,8.17,7.4,4.87
596,14/12/2018,39.82,10.55,16.44,9.68,6.07,4.97
597,13/12/2018,45.07,11.79,17.93,9.12,6.0,4.77
598,12/12/2018,33.41,13.43,14.6,10.41,6.01,4.15
599,11/12/2018,32.04,9.22,11.9,15.3,6.15,4.2
600,10/12/2018,25.59,9.91,13.27,20.41,6.38,4.62
601,09/12/2018,19.89,8.43,16.73,16.3,7.46,4.11
602,08/12/2018,21.0,8.0,24.83,11.28,8.71,3.98
603,07/12/2018,34.08,7.77,24.86,6.35,8.47,3.78
604,06/12/2018,32.26,10.13,20.34,9.41,7.0,3.41
605,05/12/2018,24.94,7.76,16.33,12.77,5.91,3.94
606,04/12/2018,29.33,7.78,15.49,16.11,5.87,3.96
607,03/12/2018,39.76,7.9,16.61,19.44,7.41,3.92
608,02/12/2018,24.42,11.03,12.64,14.32,7.4,3.7
609,01/12/2018,24.27,9.39,20.04,12.24,7.03,3.3
610,30/11/2018,18.26,7.87,25.63,7.13,6.83,2.61
611,29/11/2018,17.69,7.21,27.9,6.29,7.45,2.97
612,28/11/2018,19.68,4.72,27.43,4.77,6.39,2.99
613,27/11/2018,15.04,6.13,21.37,6.04,4.52,2.83
614,26/11/2018,18.22,5.47,25.93,5.23,4.03,2.2
615,25/11/2018,27.15,5.81,23.76,4.98,4.02,2.09
616,24/11/2018,29.17,8.23,17.1,8.37,4.04,2.16
617,23/11/2018,44.38,9.24,14.22,7.51,4.21,2.77
618,22/11/2018,30.11,13.93,14.09,11.0,5.02,4.18
619,21/11/2018,21.6,10.89,21.3,5.35,5.51,3.75
620,20/11/2018,27.17,9.65,23.23,3.59,4.89,3.01
621,19/11/2018,46.01,11.93,23.01,5.42,4.14,2.98
622,18/11/2018,53.45,17.08,17.73,7.21,4.15,3.0
623,17/11/2018,35.3,17.07,16.71,8.72,4.41,3.0
624,16/11/2018,26.52,10.79,22.22,9.69,5.09,2.98
625,15/11/2018,15.57,7.98,23.86,4.65,5.17,2.98
626,14/11/2018,15.02,5.12,26.16,2.7,5.28,2.96
627,13/11/2018,14.82,6.03,24.83,5.33,6.09,2.97
628,12/11/2018,17.79,5.72,22.47,7.63,6.99,2.94
629,11/11/2018,17.74,5.22,21.41,7.58,7.78,2.99
630,10/11/2018,30.43,7.33,23.4,5.38,7.35,2.98
631,09/11/2018,21.49,10.56,22.84,7.07,5.87,3.0
632,08/11/2018,26.96,7.71,21.06,8.73,5.56,3.0
633,07/11/2018,64.93,7.8,17.79,5.84,6.55,3.0
634,06/11/2018,56.71,22.19,13.03,9.35,5.89,2.97
635,05/11/2018,24.88,19.76,15.25,9.36,5.01,2.7
636,04/11/2018,16.36,10.13,26.34,5.88,4.68,1.8
637,03/11/2018,21.14,5.96,26.04,3.99,3.89,1.26
638,02/11/2018,18.82,8.24,21.1,11.04,3.41,1.87
639,01/11/2018,21.2,7.56,21.14,12.96,3.84,1.93
640,31/10/2018,25.48,7.56,19.9,8.17,4.42,1.88
641,30/10/2018,21.19,10.49,17.75,13.15,3.78,1.87
642,29/10/2018,16.69,10.59,18.88,13.03,3.29,1.82
643,28/10/2018,15.31,9.09,20.77,11.74,2.08,1.3
644,27/10/2018,15.9,8.53,21.44,10.04,1.57,1.07
645,26/10/2018,13.42,8.77,23.14,7.6,2.24,1.08
646,25/10/2018,11.51,8.4,21.4,8.72,3.06,1.12
647,24/10/2018,12.82,6.07,25.37,5.8,3.93,2.29
648,23/10/2018,20.21,7.49,24.45,7.4,3.98,2.86
649,22/10/2018,22.95,10.15,25.77,6.28,3.86,3.01
650,21/10/2018,18.0,10.88,24.21,6.76,3.46,2.82
651,20/10/2018,19.66,7.14,22.25,5.97,4.06,2.18
652,19/10/2018,24.89,6.59,22.49,6.08,4.09,2.36
653,18/10/2018,22.98,9.82,23.7,7.19,3.92,2.92
654,17/10/2018,21.56,9.48,21.76,10.66,3.51,2.86
655,16/10/2018,20.26,8.72,22.68,9.51,4.24,2.92
656,15/10/2018,21.31,6.57,22.29,8.89,4.85,2.92
657,14/10/2018,16.66,7.34,18.26,12.26,4.95,2.9
658,13/10/2018,15.02,6.58,22.42,10.02,5.32,2.68
659,12/10/2018,19.96,6.32,25.75,5.96,5.85,2.14
660,11/10/2018,52.41,7.71,27.44,3.52,5.75,2.05
661,10/10/2018,40.81,17.92,26.37,6.1,4.75,2.02
662,09/10/2018,19.4,13.4,26.85,6.84,4.08,1.83
663,08/10/2018,13.07,8.21,25.97,2.01,3.89,1.17
664,07/10/2018,15.65,4.89,22.87,2.54,3.72,1.22
665,06/10/2018,19.68,7.2,22.1,5.19,3.14,1.94
666,05/10/2018,20.5,7.35,20.06,11.42,3.04,1.93
667,04/10/2018,15.53,8.56,21.26,10.88,2.76,1.71
668,03/10/2018,18.46,5.53,20.48,6.51,2.18,1.06
669,02/10/2018,22.53,7.95,19.89,8.08,2.25,1.18
670,01/10/2018,18.34,11.22,20.85,9.16,2.35,1.64
671,30/09/2018,18.33,8.03,21.96,8.45,1.58,1.11
672,29/09/2018,14.48,6.53,21.94,6.39,1.93,1.03
673,28/09/2018,17.03,6.64,22.33,5.02,1.59,1.01
674,27/09/2018,20.93,6.71,17.78,10.53,2.54,1.02
675,26/09/2018,14.96,7.29,19.52,7.47,1.69,1.03
676,25/09/2018,18.61,6.25,17.16,3.26,2.7,1.14
677,24/09/2018,15.46,7.82,25.98,4.59,3.72,1.99
678,23/09/2018,16.44,5.99,22.15,7.31,3.31,2.03
679,22/09/2018,20.67,5.79,22.13,8.54,4.02,2.05
680,21/09/2018,14.4,7.97,22.65,8.31,4.87,2.05
681,20/09/2018,16.82,5.74,22.59,8.0,6.27,2.01
682,19/09/2018,19.9,8.61,24.64,5.49,5.99,1.99
683,18/09/2018,20.46,8.5,25.13,3.25,5.84,1.84
684,17/09/2018,17.84,7.17,23.38,5.56,5.39,1.19
685,16/09/2018,16.58,6.71,21.49,3.79,4.77,1.09
686,15/09/2018,16.7,6.88,21.3,4.38,3.94,1.05
687,14/09/2018,17.06,6.61,18.79,6.29,3.23,1.07
688,13/09/2018,18.75,6.44,18.07,6.94,3.67,1.31
689,12/09/2018,17.58,8.07,20.04,4.18,3.1,1.9
690,11/09/2018,23.44,8.67,20.64,3.11,3.22,1.95
691,10/09/2018,18.24,9.92,21.32,3.25,3.84,1.73
692,09/09/2018,14.92,6.56,22.02,3.46,3.31,1.13
693,08/09/2018,14.6,5.41,21.94,3.52,3.62,1.04
694,07/09/2018,16.98,5.67,19.05,6.89,3.11,1.15
695,06/09/2018,19.19,6.09,18.39,10.69,3.1,1.65
696,05/09/2018,23.03,7.3,19.54,10.01,3.1,1.13
697,04/09/2018,26.75,8.49,22.68,8.86,2.36,1.08
698,03/09/2018,17.92,8.94,21.95,9.11,2.48,1.41
699,02/09/2018,15.36,6.0,21.14,4.52,3.07,2.64
700,01/09/2018,18.98,5.37,21.4,4.55,3.52,3.46
701,31/08/2018,27.48,7.92,21.81,5.68,3.86,4.07
702,30/08/2018,18.08,10.84,26.19,7.62,3.93,4.45
703,29/08/2018,17.35,10.16,19.68,7.86,4.15,3.95
704,28/08/2018,18.41,8.99,20.01,5.79,4.73,3.99
705,27/08/2018,15.56,6.77,21.44,5.35,5.02,4.01
706,26/08/2018,17.14,6.33,18.62,6.69,5.64,3.94
707,25/08/2018,21.35,5.37,18.79,7.2,5.7,3.97
708,24/08/2018,18.01,8.15,21.18,8.93,5.03,4.03
709,23/08/2018,19.56,6.35,17.89,7.92,4.72,4.02
710,22/08/2018,19.22,6.97,17.86,5.5,4.05,4.01
711,21/08/2018,20.04,6.8,17.9,5.8,3.87,4.06
712,20/08/2018,24.38,6.37,17.73,5.13,3.36,4.28
713,19/08/2018,16.76,7.9,14.92,6.25,3.22,4.7
714,18/08/2018,17.88,5.42,15.94,5.2,3.17,3.87
715,17/08/2018,15.61,4.91,15.54,5.47,3.15,3.65
716,16/08/2018,19.05,4.76,17.8,3.51,3.31,2.97
717,15/08/2018,15.23,6.36,17.66,3.75,3.7,2.98
718,14/08/2018,16.88,5.28,18.34,3.65,3.09,2.99
719,13/08/2018,18.21,5.1,16.33,5.63,3.07,2.93
720,12/08/2018,16.45,5.49,23.89,7.11,2.94,2.75
721,11/08/2018,17.78,6.0,25.42,4.12,2.68,2.2
722,10/08/2018,18.53,7.28,22.87,5.14,2.24,2.03
723,09/08/2018,15.54,6.71,19.91,8.32,2.33,2.02
724,08/08/2018,15.2,6.76,20.46,6.03,2.28,2.02
725,07/08/2018,19.33,6.89,19.55,5.84,2.88,2.02
726,06/08/2018,20.22,6.64,20.71,6.47,2.82,1.84
727,05/08/2018,20.4,6.96,22.93,5.2,2.09,1.19
728,04/08/2018,21.9,7.45,22.42,4.37,1.87,1.06
729,03/08/2018,17.52,6.75,19.74,7.62,2.53,1.03
730,02/08/2018,14.21,7.21,17.23,6.67,1.39,1.5
731,01/08/2018,17.92,8.66,18.3,5.03,1.55,2.49
732,31/07/2018,16.15,15.47,22.02,4.25,1.61,3.13
733,30/07/2018,15.88,11.57,23.44,2.12,2.29,2.8
734,29/07/2018,16.92,8.94,22.25,3.51,2.91,1.74
735,28/07/2018,29.86,8.55,21.2,3.14,3.0,2.84
736,27/07/2018,39.41,11.42,29.42,3.7,2.82,2.68
737,26/07/2018,34.06,13.58,33.5,5.23,2.13,1.27
738,25/07/2018,25.7,11.3,32.1,4.28,1.89,1.68
739,24/07/2018,25.06,8.85,26.32,4.96,1.23,2.94
740,23/07/2018,25.64,7.62,18.83,4.25,1.18,2.98
741,22/07/2018,25.42,9.8,17.26,3.44,1.16,2.99
742,21/07/2018,23.87,10.56,15.24,2.57,1.34,3.0
743,20/07/2018,22.69,9.26,15.99,3.95,2.08,2.99
744,19/07/2018,15.07,8.71,13.76,6.32,3.98,3.0
745,18/07/2018,24.59,5.75,20.72,6.73,3.12,3.02
746,17/07/2018,25.81,9.33,20.24,7.41,2.79,2.9
747,16/07/2018,26.48,10.39,18.87,5.45,2.24,1.66
748,15/07/2018,25.87,10.05,23.69,4.61,2.21,2.74
749,14/07/2018,25.38,9.21,24.73,2.46,2.03,3.02
750,13/07/2018,24.98,9.12,24.58,3.35,1.86,3.01
751,12/07/2018,21.96,7.81,19.38,7.02,1.25,3.0
752,11/07/2018,11.4,2.99,20.15,4.7,1.69,2.87
753,10/07/2018,20.62,4.18,21.55,3.65,4.1,2.98
754,09/07/2018,20.34,5.88,21.47,3.89,5.76,2.99
755,08/07/2018,20.76,8.65,22.8,2.27,4.36,2.99
756,07/07/2018,25.79,8.44,23.47,2.88,4.44,3.0
757,06/07/2018,25.46,9.79,27.64,5.56,5.36,3.0
758,05/07/2018,31.01,11.98,27.09,5.51,5.37,2.82
759,04/07/2018,25.47,13.21,32.03,4.41,6.49,2.64
760,03/07/2018,27.22,10.35,24.63,6.65,6.55,1.64
761,02/07/2018,30.89,11.82,27.19,3.76,5.46,2.84
762,01/07/2018,44.68,12.54,28.7,3.42,5.0,3.6
763,30/06/2018,34.46,18.69,31.33,5.01,5.68,3.65
764,29/06/2018,41.18,15.4,31.01,4.15,5.72,2.87
765,28/06/2018,50.18,15.42,33.02,4.28,5.1,2.95
766,27/06/2018,47.82,19.74,35.23,8.12,4.83,2.67
767,26/06/2018,41.53,16.47,31.85,5.05,4.82,1.29
768,25/06/2018,29.3,14.6,32.08,4.0,6.11,2.08
769,24/06/2018,24.78,12.02,33.29,7.19,6.73,2.84
770,23/06/2018,23.39,9.54,29.53,8.3,6.62,2.71
771,22/06/2018,22.91,9.88,23.27,12.69,5.75,2.14
772,21/06/2018,19.81,9.82,22.84,14.61,5.13,2.02
773,20/06/2018,19.81,9.7,22.04,13.95,5.42,2.14
774,19/06/2018,23.86,8.26,22.57,10.66,5.96,3.69
775,18/06/2018,22.66,12.55,24.56,6.99,4.35,4.61
776,17/06/2018,16.88,10.33,25.88,5.3,4.85,5.02
777,16/06/2018,18.76,7.05,23.78,2.3,4.96,5.86
778,15/06/2018,21.96,7.11,22.94,3.73,4.83,5.6
779,14/06/2018,25.58,9.45,22.72,2.45,4.42,4.8
780,13/06/2018,25.73,11.9,24.28,3.09,4.67,4.1
781,12/06/2018,26.48,9.29,25.8,3.37,3.8,4.02
782,11/06/2018,29.46,8.98,25.21,5.21,3.13,4.01
783,10/06/2018,39.18,10.96,25.76,4.78,3.17,4.0
784,09/06/2018,29.51,14.23,28.15,4.37,3.63,4.0
785,08/06/2018,25.99,11.27,27.41,2.19,3.04,4.0
786,07/06/2018,32.26,12.23,28.68,2.37,2.93,3.98
787,06/06/2018,31.82,17.75,30.13,3.44,2.25,3.96
788,05/06/2018,31.82,19.33,31.36,3.8,2.12,3.78
789,04/06/2018,37.06,17.02,30.81,2.71,2.02,3.32
790,03/06/2018,56.16,13.24,30.44,3.51,1.98,3.89
791,02/06/2018,61.12,18.06,29.19,6.35,2.0,4.01
792,01/06/2018,61.95,20.41,28.18,11.27,2.16,4.43
793,31/05/2018,56.67,22.64,31.57,11.13,2.23,4.53
794,30/05/2018,48.4,22.2,36.79,7.06,2.41,3.83
795,29/05/2018,36.71,18.48,38.67,2.71,2.9,3.15
796,28/05/2018,41.48,11.67,38.01,3.16,2.95,3.24
797,27/05/2018,42.14,13.42,36.51,3.43,2.89,3.87
798,26/05/2018,52.34,14.39,35.9,1.56,2.77,3.85
799,25/05/2018,44.93,19.99,42.73,1.76,2.08,3.72
800,24/05/2018,39.27,15.8,43.02,2.94,2.05,3.46
801,23/05/2018,23.02,11.88,37.16,3.14,2.04,3.87
802,22/05/2018,21.12,8.89,35.77,3.08,2.02,3.7
803,21/05/2018,29.15,9.08,36.81,3.21,2.18,3.07
804,20/05/2018,33.13,10.83,38.64,5.19,2.64,3.04
805,19/05/2018,36.39,12.06,41.35,2.78,2.12,3.01
806,18/05/2018,33.04,14.33,38.55,5.37,2.05,3.04
807,17/05/2018,21.6,13.72,31.99,9.29,1.86,3.09
808,16/05/2018,17.29,10.46,32.79,4.46,1.19,3.17
809,15/05/2018,25.19,8.41,30.71,4.35,1.07,3.02
810,14/05/2018,25.85,10.86,30.81,7.83,1.23,2.96
811,13/05/2018,30.17,9.47,34.08,6.06,1.53,2.86
812,12/05/2018,21.45,10.36,34.11,4.77,2.08,2.98
813,11/05/2018,27.01,9.6,35.2,4.19,2.12,3.04
814,10/05/2018,22.78,11.93,33.7,4.22,2.53,3.22
815,09/05/2018,19.24,11.1,33.02,3.88,2.55,3.82
816,08/05/2018,31.32,8.13,33.28,2.56,2.11,3.68
817,07/05/2018,30.33,10.54,43.37,2.98,2.14,3.1
818,06/05/2018,26.81,11.08,39.07,3.89,1.86,3.01
819,05/05/2018,21.33,8.48,24.48,3.99,2.83,3.01
820,04/05/2018,18.48,6.94,21.73,1.81,2.6,2.96
821,03/05/2018,21.67,6.06,25.33,2.91,1.56,2.74
822,02/05/2018,21.41,9.93,32.59,3.35,2.36,2.23
823,01/05/2018,28.53,11.99,33.53,6.73,2.9,2.34
824,30/04/2018,30.31,15.82,35.64,5.26,2.42,1.11
825,29/04/2018,21.0,12.86,36.27,4.25,1.33,1.15
826,28/04/2018,18.08,7.5,34.92,3.96,1.29,1.02
827,27/04/2018,16.82,5.82,33.96,3.95,1.35,1.02
828,26/04/2018,16.96,7.71,32.71,5.54,2.0,1.02
829,25/04/2018,15.4,7.31,31.77,4.91,2.07,1.07
830,24/04/2018,17.11,7.8,30.44,3.74,2.0,1.26
831,23/04/2018,16.8,7.85,31.13,3.9,1.39,2.15
832,22/04/2018,29.56,7.51,32.3,3.78,1.43,3.42
833,21/04/2018,31.45,12.51,33.99,6.46,2.02,3.31
834,20/04/2018,25.83,12.95,34.98,9.36,2.92,2.7
835,19/04/2018,26.44,10.41,34.91,6.65,2.96,1.4
836,18/04/2018,22.8,10.74,35.08,4.01,2.92,1.3
837,17/04/2018,24.5,8.83,33.58,3.77,3.05,1.38
838,16/04/2018,32.63,10.01,39.22,2.58,4.57,1.89
839,15/04/2018,53.82,12.21,36.86,3.5,5.98,1.89
840,14/04/2018,50.79,19.05,34.86,5.02,6.57,1.9
841,13/04/2018,47.66,19.82,32.13,8.2,9.17,1.97
842,12/04/2018,41.89,27.35,33.3,6.15,10.15,1.88
843,11/04/2018,33.67,24.62,34.38,3.73,9.44,1.92
844,10/04/2018,23.67,19.3,33.47,3.5,13.56,1.23
845,09/04/2018,33.59,9.87,32.35,4.31,13.88,1.49
846,08/04/2018,29.12,11.08,29.23,7.53,12.15,1.81
847,07/04/2018,29.45,9.69,34.15,7.05,9.99,1.37
848,06/04/2018,32.56,10.7,34.79,7.91,7.99,1.18
849,05/04/2018,22.12,11.87,29.4,8.41,6.44,2.02
850,04/04/2018,12.15,9.23,30.06,8.73,4.66,2.66
851,03/04/2018,11.01,5.07,36.05,7.14,4.97,1.38
852,02/04/2018,14.37,5.05,38.23,2.86,4.44,1.13
853,01/04/2018,16.06,6.42,38.63,2.92,3.89,1.25
854,31/03/2018,28.82,10.31,36.46,2.51,1.51,1.18
855,30/03/2018,21.41,12.53,35.46,1.4,1.72,1.06
856,29/03/2018,24.47,10.37,33.07,2.51,2.77,1.03
857,28/03/2018,20.89,12.29,30.57,7.2,2.94,1.03
858,27/03/2018,19.41,10.09,30.53,8.97,3.05,1.02
859,26/03/2018,18.65,8.39,30.73,8.88,4.09,1.0
860,25/03/2018,15.82,9.87,28.4,10.45,4.6,1.0
861,24/03/2018,15.19,9.37,30.01,8.92,5.8,1.01
862,23/03/2018,19.16,7.15,33.98,6.02,5.6,1.08
863,22/03/2018,24.3,9.51,33.91,4.33,3.8,1.26
864,21/03/2018,32.61,11.92,28.39,5.83,2.56,1.28
865,20/03/2018,22.74,14.03,27.76,12.66,2.78,1.21
866,19/03/2018,22.43,14.14,34.53,7.72,2.35,1.29
867,18/03/2018,23.0,12.9,34.86,2.8,2.11,2.5
868,17/03/2018,22.56,11.64,33.25,2.28,3.09,2.45
869,16/03/2018,38.39,8.3,28.57,2.72,4.89,1.1
870,15/03/2018,32.06,14.23,22.81,5.21,6.49,1.23
871,14/03/2018,28.27,13.12,23.62,7.52,4.16,1.4
872,13/03/2018,14.93,11.58,19.36,11.9,3.16,1.07
873,12/03/2018,24.11,6.63,20.24,5.3,3.15,1.46
874,11/03/2018,28.89,9.19,21.09,7.83,3.31,2.62
875,10/03/2018,19.2,10.11,21.08,7.68,3.76,2.93
876,09/03/2018,21.41,10.32,28.31,9.07,4.19,4.57
877,08/03/2018,23.6,8.96,26.35,11.12,5.59,5.41
878,07/03/2018,29.12,7.72,24.81,9.72,9.96,4.9
879,06/03/2018,51.55,10.82,22.46,8.12,5.78,3.82
880,05/03/2018,52.85,17.64,21.38,7.1,9.01,6.96
881,04/03/2018,24.14,20.49,26.67,4.5,6.64,6.04
882,03/03/2018,22.66,10.13,27.64,3.81,5.77,3.94
883,02/03/2018,20.35,9.67,24.77,7.5,3.88,3.21
884,01/03/2018,16.16,10.31,29.68,8.75,4.7,3.65
885,28/02/2018,18.82,7.73,30.56,3.17,2.78,2.93
886,27/02/2018,26.27,8.56,31.3,4.43,2.74,2.99
887,26/02/2018,37.24,11.16,28.02,7.45,2.53,3.0
888,25/02/2018,41.29,16.33,26.54,5.86,3.65,3.0
889,24/02/2018,43.86,16.08,27.04,6.38,3.17,3.01
890,23/02/2018,36.38,14.07,22.57,8.73,2.98,3.06
891,22/02/2018,35.35,12.76,21.55,9.37,2.96,3.41
892,21/02/2018,22.86,16.49,17.68,14.37,2.98,4.35
893,20/02/2018,33.52,8.63,18.23,14.99,3.16,2.8
894,19/02/2018,27.93,11.06,15.12,18.96,3.13,3.45
895,18/02/2018,16.61,9.36,18.85,12.96,1.73,2.86
896,17/02/2018,15.92,6.51,26.97,6.47,2.94,2.29
897,16/02/2018,24.83,7.4,27.98,2.96,3.05,2.91
898,15/02/2018,18.51,9.67,28.92,5.15,3.1,3.8
899,14/02/2018,15.53,7.29,27.23,4.29,3.44,3.52
900,13/02/2018,11.12,8.52,28.51,5.99,5.7,1.89
901,12/02/2018,15.83,5.02,27.67,5.57,6.74,1.19
902,11/02/2018,22.49,6.27,25.18,9.85,7.52,1.12
903,10/02/2018,20.28,9.84,28.41,7.39,7.01,1.19
904,09/02/2018,22.09,9.83,25.63,10.43,6.88,1.37
905,08/02/2018,20.09,8.82,25.74,6.99,6.84,1.09
906,07/02/2018,21.53,8.12,24.04,13.39,6.47,1.44
907,06/02/2018,25.12,9.04,23.76,12.79,5.59,1.13
908,05/02/2018,32.57,9.7,18.37,11.0,5.11,1.52
909,04/02/2018,25.4,11.52,15.68,14.98,4.29,2.05
910,03/02/2018,21.63,8.4,18.41,13.0,4.23,2.04
911,02/02/2018,18.09,9.41,20.9,13.31,3.96,2.08
912,01/02/2018,18.22,8.18,19.23,13.51,4.1,2.17
913,31/01/2018,21.14,6.32,26.76,7.16,3.11,2.01
914,30/01/2018,25.76,6.91,28.07,4.54,2.16,1.23
915,29/01/2018,27.75,8.56,27.65,8.49,1.75,1.11
916,28/01/2018,32.11,11.9,26.19,5.44,1.33,1.07
917,27/01/2018,48.08,12.53,25.23,6.64,1.9,1.29
918,26/01/2018,36.81,10.59,18.49,15.72,4.63,1.87
919,25/01/2018,19.15,9.61,15.38,13.56,7.15,2.08
920,24/01/2018,20.37,6.58,23.7,4.5,3.26,2.98
921,23/01/2018,24.0,7.7,23.16,4.69,1.56,2.89
922,22/01/2018,25.95,10.37,21.51,8.64,1.22,2.7
923,21/01/2018,26.49,7.46,17.6,15.64,1.09,2.2
924,20/01/2018,18.49,6.79,18.93,15.08,1.19,2.64
925,19/01/2018,17.29,5.55,20.83,9.67,1.22,2.24
926,18/01/2018,15.42,7.14,18.8,8.08,1.48,2.63
927,17/01/2018,13.98,5.53,23.39,6.27,2.81,2.13
928,16/01/2018,15.45,4.15,22.7,6.85,5.42,2.48
929,15/01/2018,24.75,6.11,21.69,7.71,7.72,5.25
930,14/01/2018,24.94,9.77,17.75,6.03,9.18,8.94
931,13/01/2018,28.7,10.42,15.21,8.23,8.75,9.18
932,12/01/2018,43.47,10.47,15.18,9.29,8.34,10.06
933,11/01/2018,57.27,13.16,7.19,17.95,9.39,11.08
934,10/01/2018,42.94,18.33,7.28,12.32,11.15,11.26
935,09/01/2018,33.72,16.42,15.98,7.87,9.63,9.93
936,08/01/2018,43.08,15.07,16.73,12.5,8.21,9.44
937,07/01/2018,23.18,16.95,14.14,18.82,7.88,10.42
938,06/01/2018,21.57,10.55,19.25,7.66,7.71,9.39
939,05/01/2018,19.72,7.55,15.63,11.36,8.81,9.92
940,04/01/2018,16.24,7.0,18.43,10.73,8.92,9.95
941,03/01/2018,16.71,5.58,20.84,8.68,8.56,9.81
942,02/01/2018,18.16,6.92,19.21,7.45,7.23,9.13
943,01/01/2018,22.34,5.81,17.31,9.95,7.23,9.13
944,31/12/2017,25.76,9.58,21.41,9.16,4.48,5.07
945,30/12/2017,25.17,8.65,21.95,10.73,7.01,8.49
946,29/12/2017,21.7,7.75,16.67,13.08,6.42,8.41
947,28/12/2017,25.0,7.18,14.34,16.17,5.61,7.68
948,27/12/2017,23.84,7.66,10.73,17.1,4.9,7.12
949,26/12/2017,19.48,8.94,17.14,8.94,3.66,4.27
950,25/12/2017,14.77,9.42,20.55,6.18,3.36,4.0
951,24/12/2017,18.31,5.18,20.33,2.65,3.6,5.6
952,23/12/2017,30.76,5.23,18.66,4.31,2.74,5.56
953,22/12/2017,36.34,7.96,15.18,10.93,2.34,6.38
954,21/12/2017,18.83,10.81,16.18,16.51,3.06,6.34
955,20/12/2017,15.65,5.86,16.45,10.63,3.11,4.43
956,19/12/2017,24.3,6.44,15.95,10.21,3.25,4.16
957,18/12/2017,24.86,10.32,15.81,15.62,3.27,4.07
958,17/12/2017,25.45,7.59,16.7,14.8,3.18,4.46
959,16/12/2017,25.14,7.35,12.75,19.11,3.35,5.2
960,15/12/2017,22.06,8.51,13.7,18.58,4.15,5.92
961,14/12/2017,17.51,6.92,21.51,13.72,4.6,5.99
962,13/12/2017,23.0,6.72,18.86,10.23,4.2,5.99
963,12/12/2017,32.0,8.5,14.85,16.98,4.78,5.99
964,11/12/2017,31.13,9.69,9.02,22.8,6.54,5.89
965,10/12/2017,21.8,9.67,11.17,20.98,5.53,5.14
966,09/12/2017,16.29,7.88,15.25,15.16,3.27,4.2
967,08/12/2017,12.3,7.52,17.73,13.86,3.16,4.28
968,07/12/2017,12.8,7.22,22.67,8.52,3.52,4.62
969,06/12/2017,14.2,5.03,20.85,4.84,2.87,3.86
970,05/12/2017,16.22,4.64,20.75,8.08,1.43,3.39
971,04/12/2017,21.2,6.35,18.28,10.75,1.31,3.94
972,03/12/2017,19.17,9.54,14.55,14.85,1.04,4.03
973,02/12/2017,21.72,7.43,15.41,14.58,1.04,4.13
974,01/12/2017,18.47,9.92,16.19,17.1,1.11,4.15
975,30/11/2017,15.09,8.35,20.98,12.78,3.58,4.22
976,29/11/2017,14.14,6.98,20.1,12.9,3.34,4.05
977,28/11/2017,15.17,5.53,17.35,12.28,2.86,4.05
978,27/11/2017,13.11,6.3,18.23,12.68,1.78,3.91
979,26/11/2017,12.6,5.43,17.52,9.97,2.82,3.07
980,25/11/2017,14.03,5.68,16.45,10.63,2.95,3.02
981,24/11/2017,19.54,5.01,15.93,10.46,2.71,3.76
982,23/11/2017,26.69,7.78,12.06,16.33,1.98,4.96
983,22/11/2017,30.83,9.75,19.55,10.94,3.14,4.36
984,21/11/2017,26.43,8.54,11.42,15.77,5.21,7.31
985,20/11/2017,22.03,8.08,13.06,16.6,7.56,6.82
986,19/11/2017,20.43,8.85,14.86,15.54,6.73,6.53
987,18/11/2017,15.98,9.64,19.29,14.31,5.99,5.91
988,17/11/2017,16.71,8.42,22.38,7.76,5.97,5.96
989,16/11/2017,22.7,8.73,21.51,9.8,5.76,6.24
990,15/11/2017,16.61,11.26,18.61,13.83,5.14,6.73
991,14/11/2017,15.48,6.66,18.01,12.15,5.04,6.07
992,13/11/2017,16.71,7.46,18.13,10.42,5.02,6.01
993,12/11/2017,21.16,6.72,17.83,11.82,5.06,6.01
994,11/11/2017,18.7,8.81,18.04,14.87,5.29,6.01
995,10/11/2017,20.78,9.42,20.78,12.71,4.84,5.72
996,09/11/2017,19.27,10.27,23.06,9.14,3.98,5.05
997,08/11/2017,18.29,7.12,21.4,11.11,3.84,5.01
998,07/11/2017,28.24,8.16,24.32,11.98,3.89,5.05
999,06/11/2017,26.9,10.31,22.05,8.75,3.67,5.21
1000,05/11/2017,15.42,10.96,18.91,10.83,3.13,5.24
1001,04/11/2017,14.79,6.05,21.22,6.61,3.44,4.2
1002,03/11/2017,16.32,6.33,20.71,6.17,2.81,4.52
1003,02/11/2017,15.3,8.26,17.58,12.25,2.11,5.68
1004,01/11/2017,15.68,6.18,16.91,9.13,2.27,5.7
1005,31/10/2017,24.52,7.14,14.28,4.88,1.83,6.31
1006,30/10/2017,22.23,10.39,15.64,10.9,1.31,6.76
1007,29/10/2017,18.19,10.14,19.13,9.89,1.19,6.11
1008,28/10/2017,12.33,9.32,20.82,9.93,1.09,5.96
1009,27/10/2017,22.0,4.45,19.92,6.11,1.29,6.06
1010,26/10/2017,25.01,7.9,17.85,8.3,2.27,6.11
1011,25/10/2017,15.38,11.85,14.06,12.41,1.93,7.81
1012,24/10/2017,14.2,8.14,21.01,4.62,3.61,9.82
1013,23/10/2017,14.59,6.47,20.0,6.35,3.78,9.72
1014,22/10/2017,16.43,7.17,19.39,5.93,3.96,9.32
1015,21/10/2017,19.02,6.7,18.25,7.16,4.14,9.82
1016,20/10/2017,28.99,7.41,17.33,8.13,4.48,9.7
1017,19/10/2017,35.78,9.21,15.98,9.89,3.86,9.41
1018,18/10/2017,17.46,13.4,15.06,7.93,2.79,8.54
1019,17/10/2017,15.03,8.2,22.09,5.46,2.16,7.43
1020,16/10/2017,21.5,6.22,23.0,5.3,2.03,7.91
1021,15/10/2017,21.36,9.89,21.7,5.15,1.97,7.71
1022,14/10/2017,15.12,9.12,21.9,4.59,1.8,7.09
1023,13/10/2017,11.36,8.94,20.15,4.32,1.35,7.02
1024,12/10/2017,11.93,5.64,20.48,4.33,1.92,7.01
1025,11/10/2017,16.28,6.63,22.03,2.75,2.0,7.04
1026,10/10/2017,14.98,7.22,22.17,5.34,2.0,7.49
1027,09/10/2017,13.66,6.46,20.37,5.47,1.79,7.12
1028,08/10/2017,10.71,5.41,18.96,4.36,1.12,6.09
1029,07/10/2017,11.22,4.07,18.71,3.4,1.06,5.73
1030,06/10/2017,14.1,4.34,19.09,5.01,1.55,5.18
1031,05/10/2017,12.54,6.95,19.03,7.19,2.48,5.13
1032,04/10/2017,13.66,5.66,20.39,7.54,1.39,6.08
1033,03/10/2017,15.54,6.17,21.82,6.66,1.79,6.62
1034,02/10/2017,15.24,8.64,21.31,5.76,4.34,5.98
1035,01/10/2017,13.99,9.01,20.7,5.81,4.9,5.88
1036,30/09/2017,19.66,7.48,18.57,6.56,4.47,6.84
1037,29/09/2017,18.36,8.8,19.23,5.89,2.99,6.15
1038,28/09/2017,15.03,9.43,21.21,3.3,2.77,6.33
1039,27/09/2017,41.64,5.93,19.84,6.02,4.4,7.59
1040,26/09/2017,53.52,14.85,20.06,5.85,3.51,8.19
1041,25/09/2017,43.91,18.89,16.76,8.91,2.94,8.98
1042,24/09/2017,24.42,19.53,14.76,9.67,2.77,9.34
1043,23/09/2017,15.77,8.74,15.82,8.22,2.1,8.23
1044,22/09/2017,16.59,5.91,15.89,6.85,1.83,8.0
1045,21/09/2017,13.66,7.28,15.85,6.95,1.98,7.9
1046,20/09/2017,16.92,4.65,16.15,8.58,4.28,7.17
1047,19/09/2017,19.15,5.64,16.18,7.66,8.76,7.18
1048,18/09/2017,15.95,8.09,16.51,9.39,7.85,7.04
1049,17/09/2017,16.29,7.48,17.36,8.92,7.08,7.01
1050,16/09/2017,14.77,8.2,17.77,6.65,6.94,7.08
1051,15/09/2017,13.74,6.09,14.42,8.83,6.99,7.05
1052,14/09/2017,12.37,5.79,15.6,9.43,7.27,7.0
1053,13/09/2017,11.8,4.65,14.58,7.68,7.9,6.97
1054,12/09/2017,11.57,5.32,14.5,10.25,7.96,6.8
1055,11/09/2017,12.86,6.23,17.09,5.72,7.92,6.32
1056,10/09/2017,22.89,6.24,17.6,5.94,8.1,6.96
1057,09/09/2017,22.82,6.37,18.35,6.92,8.17,6.85
1058,08/09/2017,19.96,5.77,18.06,5.64,7.02,5.25
1059,07/09/2017,16.88,5.86,17.86,6.29,4.75,4.5
1060,06/09/2017,17.09,5.79,17.55,6.77,3.67,4.0
1061,05/09/2017,16.64,8.52,19.3,6.74,3.48,3.8
1062,04/09/2017,18.67,7.65,16.85,4.46,3.79,5.79
1063,03/09/2017,21.1,6.09,14.8,3.9,3.69,5.8
1064,02/09/2017,18.08,7.37,18.6,2.54,2.97,5.09
1065,01/09/2017,20.6,6.16,18.02,3.04,2.6,4.62
1066,31/08/2017,20.59,7.49,16.56,5.33,2.77,5.0
1067,30/08/2017,17.88,7.69,15.76,6.09,3.07,5.01
1068,29/08/2017,17.83,8.25,18.01,4.38,2.97,4.99
1069,28/08/2017,13.32,8.96,17.84,3.02,2.21,4.95
1070,27/08/2017,17.37,4.46,17.02,2.23,2.06,4.77
1071,26/08/2017,20.71,5.73,16.16,2.16,1.35,4.2
1072,25/08/2017,19.52,6.07,15.45,3.87,1.22,4.12
1073,24/08/2017,19.25,6.04,15.99,3.62,1.36,4.08
1074,23/08/2017,32.47,7.18,16.55,4.21,2.38,4.0
1075,22/08/2017,40.32,12.88,15.78,5.4,1.74,4.0
1076,21/08/2017,26.1,16.32,17.78,7.14,3.44,3.96
1077,20/08/2017,20.69,10.08,16.16,7.3,3.79,3.81
1078,19/08/2017,19.91,7.37,14.26,5.71,4.02,3.37
1079,18/08/2017,15.54,8.17,15.63,3.79,4.01,3.93
1080,17/08/2017,17.15,6.54,14.01,3.4,3.94,3.97
1081,16/08/2017,14.65,7.26,14.45,2.39,3.72,3.98
1082,15/08/2017,15.1,6.03,13.74,2.49,3.01,3.79
1083,14/08/2017,17.97,4.4,14.16,3.05,2.78,3.11
1084,13/08/2017,22.41,4.24,13.98,3.52,2.0,3.03
1085,12/08/2017,23.92,5.68,15.02,4.4,1.38,3.02
1086,11/08/2017,21.24,5.93,16.02,4.6,2.34,3.01
1087,10/08/2017,26.29,5.94,15.89,3.11,5.48,3.05
1088,09/08/2017,21.39,8.71,16.83,5.7,9.12,3.26
1089,08/08/2017,20.75,6.69,16.26,7.58,9.46,3.79
1090,07/08/2017,18.87,7.19,17.6,3.91,9.36,4.32
1091,06/08/2017,20.52,5.47,17.19,3.15,8.91,7.56
1092,05/08/2017,24.34,6.59,19.47,4.36,8.8,8.38
1093,04/08/2017,24.39,7.68,19.34,6.25,8.79,8.83
1094,03/08/2017,25.94,6.81,18.56,7.9,8.68,8.83
1095,02/08/2017,27.16,7.71,20.12,6.06,8.4,8.77
1096,01/08/2017,27.0,7.33,19.31,5.49,8.16,8.67
1097,31/07/2017,25.47,9.1,18.59,5.23,7.66,8.63
1098,30/07/2017,25.48,9.82,19.3,3.12,7.64,7.9
1099,29/07/2017,25.96,9.79,20.36,2.83,7.68,7.95
1100,28/07/2017,26.18,9.74,19.44,3.42,7.32,7.95
1101,27/07/2017,28.49,10.07,18.36,3.07,6.86,7.81
1102,26/07/2017,35.8,9.49,18.43,3.65,6.53,7.96
1103,25/07/2017,33.16,10.3,20.9,5.11,6.46,7.98
1104,24/07/2017,36.2,9.23,20.21,5.7,5.14,7.71
1105,23/07/2017,40.27,10.55,24.82,5.93,5.04,7.34
1106,22/07/2017,37.15,11.9,26.42,5.76,4.8,7.88
1107,21/07/2017,29.97,16.05,25.06,3.4,4.35,7.86
1108,20/07/2017,32.4,11.17,22.27,4.22,4.88,7.17
1109,19/07/2017,43.87,10.49,19.45,4.86,4.8,7.03
1110,18/07/2017,42.71,15.35,22.71,4.03,3.83,6.79
1111,17/07/2017,35.08,15.63,24.25,4.75,3.06,6.12
1112,16/07/2017,24.88,15.26,19.64,3.86,2.38,5.89
1113,15/07/2017,22.74,10.33,20.43,2.71,2.33,5.57
1114,14/07/2017,23.94,6.35,18.45,2.62,2.91,6.31
1115,13/07/2017,27.07,6.66,19.62,4.95,2.94,5.4
1116,12/07/2017,28.65,7.48,22.94,6.92,2.88,5.99
1117,11/07/2017,22.64,7.44,23.75,6.36,2.88,6.16
1118,10/07/2017,20.85,6.56,21.94,3.77,3.03,6.91
1119,09/07/2017,22.79,5.59,20.99,3.8,3.04,7.0
1120,08/07/2017,23.29,6.26,22.81,3.57,2.21,6.88
1121,07/07/2017,27.4,6.52,24.16,4.42,2.15,6.41
1122,06/07/2017,30.57,7.47,16.82,6.0,2.08,6.92
1123,05/07/2017,26.97,9.17,16.86,8.22,2.11,6.8
1124,04/07/2017,24.14,8.0,20.52,4.23,2.03,6.07
1125,03/07/2017,24.69,7.92,20.61,5.27,2.17,6.01
1126,02/07/2017,25.44,8.27,20.07,4.82,2.1,5.84
1127,01/07/2017,29.47,8.44,21.87,3.93,1.9,5.7
1128,30/06/2017,26.09,8.56,23.01,5.2,2.36,6.23
1129,29/06/2017,27.19,6.96,23.53,7.61,2.64,6.34
1130,28/06/2017,27.55,8.42,25.96,6.51,2.27,6.65
1131,27/06/2017,26.51,10.52,26.45,4.11,1.74,6.13
1132,26/06/2017,25.2,8.07,21.33,4.57,3.38,8.06
1133,25/06/2017,22.73,8.44,21.89,6.01,4.81,8.81
1134,24/06/2017,25.68,8.54,23.94,4.94,4.98,8.96
1135,23/06/2017,30.18,8.88,25.43,3.91,4.85,8.92
1136,22/06/2017,38.06,7.51,24.09,5.89,4.39,8.96
1137,21/06/2017,35.26,9.1,22.31,7.06,4.77,8.75
1138,20/06/2017,28.96,8.63,22.42,6.1,4.66,7.81
1139,19/06/2017,30.75,5.44,22.96,5.64,4.15,7.39
1140,18/06/2017,29.13,9.01,21.5,5.7,4.05,7.89
1141,17/06/2017,30.23,8.93,19.08,3.9,4.01,7.98
1142,16/06/2017,26.93,9.55,17.03,4.22,4.39,7.95
1143,15/06/2017,28.63,8.01,22.54,4.56,6.27,7.9
1144,14/06/2017,29.94,8.91,26.12,3.3,6.51,7.97
1145,13/06/2017,27.39,9.36,23.9,3.87,6.04,7.87
1146,12/06/2017,26.67,7.4,23.06,4.11,6.03,7.89
1147,11/06/2017,29.87,7.74,24.78,4.12,5.93,7.73
1148,10/06/2017,26.55,8.58,24.9,2.29,5.93,7.1
1149,09/06/2017,25.26,7.6,24.98,3.53,5.98,7.02
1150,08/06/2017,24.64,7.08,24.21,4.34,5.73,7.23
1151,07/06/2017,24.1,7.32,23.11,5.57,5.61,7.35
1152,06/06/2017,24.86,7.89,26.3,6.97,5.62,6.48
1153,05/06/2017,25.22,7.04,26.39,9.83,5.66,7.31
1154,04/06/2017,21.52,8.04,24.98,5.84,4.77,6.07
1155,03/06/2017,35.31,8.34,27.26,4.09,4.04,5.7
1156,02/06/2017,30.47,12.04,27.21,7.51,3.75,5.05
1157,01/06/2017,33.02,11.55,26.43,7.35,3.23,4.58
1158,31/05/2017,34.39,12.1,26.88,4.44,5.58,3.65
1159,30/05/2017,34.93,14.06,28.34,5.67,6.9,3.11
1160,29/05/2017,33.39,11.77,26.92,5.59,7.45,3.01
1161,28/05/2017,38.93,12.06,24.88,3.76,6.81,3.0
1162,27/05/2017,54.2,13.87,29.21,4.71,5.94,3.02
1163,26/05/2017,54.46,20.9,30.82,7.55,5.95,3.01
1164,25/05/2017,48.91,19.44,32.43,10.27,5.79,2.97
1165,24/05/2017,31.55,15.29,26.54,8.59,5.05,2.86
1166,23/05/2017,28.46,8.33,22.93,6.63,5.0,2.34
1167,22/05/2017,31.58,9.27,26.7,6.78,4.97,2.86
1168,21/05/2017,25.24,8.91,27.92,6.31,4.77,2.74
1169,20/05/2017,25.27,6.26,28.07,4.21,4.31,2.4
1170,19/05/2017,32.99,6.53,29.35,6.08,4.84,2.65
1171,18/05/2017,29.35,10.89,30.63,8.37,4.7,1.92
1172,17/05/2017,26.33,11.44,28.62,7.88,4.1,1.52
1173,16/05/2017,19.35,9.05,28.88,6.08,4.04,1.97
1174,15/05/2017,24.44,5.26,27.65,4.4,4.04,1.97
1175,14/05/2017,30.25,7.04,27.61,4.4,4.03,2.17
1176,13/05/2017,47.05,8.94,30.5,3.68,3.98,2.65
1177,12/05/2017,57.11,12.95,30.59,4.32,3.98,2.29
1178,11/05/2017,50.49,21.75,36.46,5.94,3.93,2.94
1179,10/05/2017,43.6,18.56,36.19,7.62,3.68,2.97
1180,09/05/2017,37.07,15.71,32.97,7.82,2.99,2.78
1181,08/05/2017,35.04,17.54,34.33,5.98,1.96,2.11
1182,07/05/2017,41.37,17.77,37.96,4.43,1.25,2.07
1183,06/05/2017,41.95,15.69,35.76,3.96,1.24,2.0
1184,05/05/2017,41.49,15.91,39.49,4.5,1.84,2.01
1185,04/05/2017,45.45,17.29,42.33,3.24,3.09,2.03
1186,03/05/2017,47.89,19.76,39.24,3.34,1.6,2.17
1187,02/05/2017,57.3,19.62,40.74,4.62,2.04,2.73
1188,01/05/2017,57.18,26.59,39.88,5.24,2.1,2.2
1189,30/04/2017,50.54,28.53,37.33,4.31,2.88,2.15
1190,29/04/2017,32.04,20.69,38.03,4.44,2.72,2.7
1191,28/04/2017,25.81,10.27,31.46,7.54,2.07,2.04
1192,27/04/2017,21.52,8.43,29.07,10.16,2.01,2.0
1193,26/04/2017,22.83,8.23,28.4,9.96,1.99,1.98
1194,25/04/2017,17.78,8.13,29.12,10.3,1.99,1.96
1195,24/04/2017,17.15,7.35,27.59,8.99,2.02,1.81
1196,23/04/2017,19.46,6.58,27.95,7.23,1.87,1.12
1197,22/04/2017,22.96,6.41,31.36,6.59,1.07,1.34
1198,21/04/2017,26.22,7.77,30.09,7.42,1.05,1.56
1199,20/04/2017,24.28,7.7,28.75,7.06,1.05,2.32
1200,19/04/2017,25.64,7.82,27.74,7.42,1.05,1.11
1201,18/04/2017,23.6,8.71,30.0,9.51,1.01,1.17
1202,17/04/2017,21.98,9.38,31.07,10.35,1.01,1.82
1203,16/04/2017,24.37,8.11,33.01,6.26,1.11,1.77
1204,15/04/2017,26.9,7.49,33.01,5.72,1.29,1.09
1205,14/04/2017,25.38,7.35,32.01,7.08,1.9,1.15
1206,13/04/2017,23.51,7.1,30.1,7.93,2.09,1.11
1207,12/04/2017,22.96,9.38,29.88,8.4,2.08,1.44
1208,11/04/2017,25.98,9.49,33.29,6.93,1.76,2.8
1209,10/04/2017,24.08,12.92,32.11,6.38,1.21,2.81
1210,09/04/2017,46.67,10.43,30.12,6.27,1.11,2.62
1211,08/04/2017,42.52,16.2,33.63,9.02,1.04,1.63
1212,07/04/2017,26.52,12.61,32.19,6.83,1.0,2.68
1213,06/04/2017,23.19,6.39,29.29,10.13,1.0,2.26
1214,05/04/2017,24.38,7.18,29.88,9.47,1.15,2.79
1215,04/04/2017,24.8,11.36,33.12,8.45,1.37,2.93
1216,03/04/2017,24.35,10.06,33.16,7.96,1.47,2.68
1217,02/04/2017,24.18,7.01,34.49,5.44,2.0,2.08
1218,01/04/2017,27.24,9.09,34.53,8.19,1.97,2.09
1219,31/03/2017,26.17,8.94,33.98,7.75,2.08,2.64
1220,30/03/2017,32.52,10.09,33.46,6.19,2.04,2.09
1221,29/03/2017,77.08,9.25,30.49,6.21,2.0,2.13
1222,28/03/2017,64.84,25.22,26.74,10.27,1.74,2.0
1223,27/03/2017,46.87,19.99,28.09,9.75,1.24,2.0
1224,26/03/2017,53.06,14.47,30.79,12.96,1.21,1.97
1225,25/03/2017,35.3,13.29,25.22,17.19,1.22,1.95
1226,24/03/2017,24.54,13.98,26.07,14.01,1.52,1.86
1227,23/03/2017,22.6,11.32,30.98,5.2,2.29,1.23
1228,22/03/2017,18.85,8.53,31.25,7.25,1.35,1.69
1229,21/03/2017,22.47,6.0,29.79,5.69,1.94,1.14
1230,20/03/2017,18.91,7.48,29.39,6.45,1.97,1.3
1231,19/03/2017,21.61,5.58,28.75,6.67,1.93,1.02
1232,18/03/2017,21.12,5.15,26.43,8.47,1.7,1.09
1233,17/03/2017,23.86,5.76,28.05,6.76,1.21,1.19
1234,16/03/2017,42.14,6.56,25.87,5.86,1.57,1.2
1235,15/03/2017,44.14,16.26,23.38,6.83,2.89,1.35
1236,14/03/2017,36.19,17.89,23.4,8.79,2.97,2.34
1237,13/03/2017,24.59,15.45,22.65,7.29,2.99,1.6
1238,12/03/2017,25.78,6.49,20.27,9.06,2.98,2.58
1239,11/03/2017,24.8,7.26,18.88,10.12,2.99,2.93
1240,10/03/2017,15.38,9.95,14.89,12.0,2.92,3.0
1241,09/03/2017,24.68,9.84,20.17,7.83,2.58,3.09
1242,08/03/2017,25.65,9.9,23.29,6.87,2.11,3.06
1243,07/03/2017,28.21,8.32,23.47,7.47,2.34,3.32
1244,06/03/2017,32.87,9.31,22.58,7.92,2.73,2.87
1245,05/03/2017,26.06,10.47,22.61,7.69,3.23,3.2
1246,04/03/2017,31.64,10.07,26.46,4.19,4.32,3.14
1247,03/03/2017,14.88,8.37,24.34,5.9,4.53,3.0
1248,02/03/2017,19.39,4.95,18.94,11.37,4.38,2.96
1249,01/03/2017,26.39,5.35,21.17,15.02,5.73,3.04
1250,28/02/2017,32.11,12.29,23.07,8.91,3.15,2.89
1251,27/02/2017,29.78,11.93,23.07,10.37,3.59,2.93
1252,26/02/2017,28.41,12.2,22.8,10.01,3.33,2.99
1253,25/02/2017,21.95,11.07,22.5,8.18,2.98,2.96
1254,24/02/2017,21.7,10.66,23.14,7.86,2.97,2.8
1255,23/02/2017,21.67,9.87,27.07,5.17,2.95,2.09
1256,22/02/2017,22.4,11.63,28.28,9.28,2.94,2.08
1257,21/02/2017,17.39,10.07,26.83,7.31,2.95,2.24
1258,20/02/2017,16.18,6.61,25.81,7.45,2.72,1.99
1259,19/02/2017,27.0,5.26,26.27,6.66,2.18,2.03
1260,18/02/2017,30.61,7.3,24.47,6.53,2.17,2.13
1261,17/02/2017,32.02,8.82,21.68,13.43,2.57,2.64
1262,16/02/2017,73.89,9.94,23.55,8.95,2.13,2.43
1263,15/02/2017,83.24,18.36,21.47,14.25,2.1,3.43
1264,14/02/2017,60.61,15.74,26.3,9.33,2.06,2.95
1265,13/02/2017,29.98,23.96,28.71,5.09,1.92,2.01
1266,12/02/2017,24.71,9.93,29.73,4.05,1.37,1.49
1267,11/02/2017,28.8,10.69,25.62,7.07,1.32,1.95
1268,10/02/2017,23.94,14.87,23.75,9.79,1.22,2.01
1269,09/02/2017,25.89,10.11,21.04,9.44,1.01,2.03
1270,08/02/2017,26.09,9.59,19.09,11.11,1.02,2.1
1271,07/02/2017,32.48,6.89,17.61,15.03,1.13,2.69
1272,06/02/2017,39.18,8.21,18.96,12.1,1.02,2.09
1273,05/02/2017,26.09,10.9,18.9,11.61,1.2,2.03
1274,04/02/2017,27.71,9.43,24.12,8.73,1.46,2.02
1275,03/02/2017,25.72,9.22,26.28,7.15,2.29,2.22
1276,02/02/2017,30.57,8.42,25.3,9.37,2.94,2.82
1277,01/02/2017,31.1,8.29,18.81,13.72,3.07,2.91
1278,31/01/2017,31.82,6.36,20.41,11.73,3.05,2.93
1279,30/01/2017,34.06,8.83,21.17,13.28,3.01,2.75
1280,29/01/2017,65.98,8.62,21.58,12.68,2.99,3.15
1281,28/01/2017,78.71,21.4,16.55,15.11,3.09,3.59
1282,27/01/2017,74.27,27.32,15.24,16.55,3.25,3.04
1283,26/01/2017,45.64,23.99,17.83,13.73,3.51,3.01
1284,25/01/2017,34.56,12.82,25.19,7.15,2.77,3.06
1285,24/01/2017,56.85,9.17,24.51,7.23,2.11,3.04
1286,23/01/2017,61.64,19.34,17.42,11.15,2.0,3.04
1287,22/01/2017,53.85,18.64,10.26,13.01,2.0,3.17
1288,21/01/2017,38.69,14.62,11.2,12.23,2.0,3.57
1289,20/01/2017,32.52,11.14,16.08,8.39,2.0,2.54
1290,19/01/2017,25.05,11.04,18.91,10.04,2.02,2.85
1291,18/01/2017,24.4,9.53,18.94,7.6,1.93,2.68
1292,17/01/2017,25.66,6.71,19.46,10.68,1.72,2.0
1293,16/01/2017,21.88,8.65,19.42,13.44,2.76,1.74
1294,15/01/2017,27.4,11.1,22.04,13.71,2.97,2.92
1295,14/01/2017,19.87,14.35,19.39,14.53,3.1,2.98
1296,13/01/2017,20.31,17.03,23.45,12.0,3.03,2.95
1297,12/01/2017,23.97,11.52,24.82,10.5,2.96,2.89
1298,11/01/2017,31.4,14.0,26.63,9.66,2.91,2.88
1299,10/01/2017,20.29,17.0,24.56,8.15,2.54,2.75
1300,09/01/2017,19.37,10.43,24.43,4.81,1.38,2.23
1301,08/01/2017,22.74,8.69,23.05,7.88,1.95,2.47
1302,07/01/2017,24.87,9.13,20.19,13.06,1.99,3.59
1303,06/01/2017,29.86,10.14,19.56,10.6,2.17,3.5
1304,05/01/2017,20.06,14.64,18.08,16.63,2.63,4.53
1305,04/01/2017,14.85,12.81,20.53,13.0,2.21,4.02
1306,03/01/2017,18.78,7.94,23.11,9.0,2.81,3.92
1307,02/01/2017,21.11,10.68,19.13,10.88,2.98,3.94
1308,01/01/2017,26.31,10.18,21.06,10.54,3.07,3.97
1309,31/12/2016,51.17,18.06,25.28,4.48,2.9,3.8
1310,30/12/2016,34.2,30.05,24.76,3.32,2.73,3.35
1311,29/12/2016,28.73,14.62,23.54,5.05,2.95,3.59
1312,28/12/2016,25.23,12.76,25.17,6.08,2.99,3.15
1313,27/12/2016,20.7,12.89,25.41,6.49,2.71,3.01
1314,26/12/2016,16.44,9.42,28.56,4.58,2.17,3.03
1315,25/12/2016,21.35,7.87,27.41,2.47,2.19,3.03
1316,24/12/2016,18.66,10.84,28.49,3.41,3.05,3.1
1317,23/12/2016,17.06,9.93,28.6,5.02,2.6,3.05
1318,22/12/2016,22.87,8.37,26.65,7.35,1.99,3.04
1319,21/12/2016,29.18,9.32,24.15,7.62,2.0,3.2
1320,20/12/2016,27.58,11.25,19.18,12.81,2.0,3.62
1321,19/12/2016,25.12,12.12,18.77,14.22,1.97,3.14
1322,18/12/2016,25.59,10.3,20.18,9.53,1.93,2.82
1323,17/12/2016,38.78,11.14,20.93,7.58,1.97,2.46
1324,16/12/2016,53.8,14.08,16.44,12.84,1.97,3.14
1325,15/12/2016,37.16,16.81,11.8,12.92,1.97,3.96
1326,14/12/2016,38.86,11.38,16.06,12.13,1.99,4.37
1327,13/12/2016,28.16,13.11,12.56,12.2,1.98,5.8
1328,12/12/2016,23.19,11.21,17.97,14.48,1.86,5.61
1329,11/12/2016,26.92,11.25,22.42,8.91,1.13,4.85
1330,10/12/2016,23.86,12.69,22.2,6.3,1.05,4.29
1331,09/12/2016,29.04,11.16,22.4,7.91,1.2,4.87
1332,08/12/2016,28.89,14.61,22.83,9.46,1.03,4.88
1333,07/12/2016,55.86,11.12,17.63,8.8,1.26,4.86
1334,06/12/2016,50.77,19.43,10.1,18.28,1.9,6.27
1335,05/12/2016,38.13,21.08,13.69,17.23,1.78,5.48
1336,04/12/2016,41.45,17.61,17.43,12.82,1.42,4.72
1337,03/12/2016,37.66,18.29,7.84,18.21,1.98,5.65
1338,02/12/2016,25.16,18.47,14.33,19.36,1.89,5.31
1339,01/12/2016,24.65,15.59,17.42,16.46,1.39,4.61
1340,30/11/2016,31.76,19.18,20.09,10.12,1.55,4.38
1341,29/11/2016,32.5,15.78,17.54,13.41,2.28,5.09
1342,28/11/2016,32.06,16.91,17.55,20.69,2.67,5.61
1343,27/11/2016,40.68,15.17,17.37,19.64,2.33,5.26
1344,26/11/2016,43.21,14.68,9.88,22.94,2.85,5.82
1345,25/11/2016,59.77,16.14,7.89,25.26,3.25,6.49
1346,24/11/2016,40.48,22.74,5.86,29.83,6.06,7.51
1347,23/11/2016,25.64,15.23,9.4,27.63,4.18,6.7
1348,22/11/2016,42.39,9.0,23.27,17.84,1.92,5.23
1349,21/11/2016,42.93,12.29,18.62,18.43,1.99,5.05
1350,20/11/2016,24.02,10.55,14.12,19.85,1.91,5.05
1351,19/11/2016,18.1,7.27,20.08,16.42,1.37,5.01
1352,18/11/2016,15.87,5.25,20.14,16.08,1.13,4.93
1353,17/11/2016,19.75,5.16,24.84,10.88,1.05,4.69
1354,16/11/2016,27.22,8.1,23.56,7.82,1.02,4.09
1355,15/11/2016,18.62,9.77,20.52,7.56,1.01,4.01
1356,14/11/2016,18.84,5.4,21.62,7.65,1.01,4.17
1357,13/11/2016,21.77,7.05,20.93,9.07,1.0,4.14
1358,12/11/2016,24.91,7.32,19.42,12.55,1.03,4.6
1359,11/11/2016,23.46,7.82,17.44,16.58,1.32,3.85
1360,10/11/2016,23.37,7.31,17.42,16.81,1.26,3.9
1361,09/11/2016,21.9,6.87,22.1,11.15,2.44,3.78
1362,08/11/2016,16.69,8.63,16.36,14.19,1.3,3.3
1363,07/11/2016,16.42,7.18,16.41,14.09,2.82,2.93
1364,06/11/2016,23.26,7.18,17.78,8.87,2.95,2.32
1365,05/11/2016,19.2,9.26,18.2,10.81,2.79,2.31
1366,04/11/2016,19.29,8.83,20.7,11.52,2.93,2.86
1367,03/11/2016,21.96,7.68,18.2,8.32,3.03,3.05
1368,02/11/2016,23.91,8.06,15.22,14.45,2.95,3.14
1369,01/11/2016,36.56,7.61,16.96,15.01,2.63,3.41
1370,31/10/2016,27.88,10.89,18.04,9.24,2.67,4.9
1371,30/10/2016,25.43,10.35,16.6,10.68,2.01,4.77
1372,29/10/2016,27.81,8.43,17.99,9.67,2.02,4.91
1373,28/10/2016,25.87,9.66,16.01,11.9,2.04,4.73
1374,27/10/2016,20.42,12.44,21.0,11.18,2.01,4.09
1375,26/10/2016,28.38,7.78,21.84,5.75,2.03,4.28
1376,25/10/2016,25.47,8.98,18.09,8.28,2.07,4.95
1377,24/10/2016,19.25,8.46,16.84,9.0,2.93,5.06
1378,23/10/2016,18.49,6.86,15.62,9.14,2.42,4.85
1379,22/10/2016,30.82,6.97,22.24,4.8,1.46,4.36
1380,21/10/2016,34.98,9.5,19.37,10.18,1.95,4.92
1381,20/10/2016,30.22,11.83,13.06,15.6,2.13,4.96
1382,19/10/2016,23.93,9.42,13.15,18.34,2.5,4.86
1383,18/10/2016,19.05,7.86,13.72,16.28,1.76,4.22
1384,17/10/2016,20.19,6.16,22.48,10.56,1.09,4.06
1385,16/10/2016,42.92,5.9,20.36,6.19,1.02,4.02
1386,15/10/2016,41.09,12.25,13.82,7.47,1.0,4.19
1387,14/10/2016,28.61,12.45,18.24,6.32,1.0,4.71
1388,13/10/2016,19.0,9.91,18.36,5.21,1.14,4.1
1389,12/10/2016,18.91,7.84,20.17,5.45,1.2,3.94
1390,11/10/2016,18.43,8.6,22.73,4.17,2.14,3.23
1391,10/10/2016,29.38,8.1,21.2,4.89,1.44,3.39
1392,09/10/2016,27.19,10.57,14.83,9.67,2.67,3.86
1393,08/10/2016,23.23,9.88,15.48,9.27,1.39,3.64
1394,07/10/2016,23.76,11.68,18.28,4.94,2.72,2.86
1395,06/10/2016,22.16,11.95,19.2,5.19,2.74,2.12
1396,05/10/2016,23.04,12.1,21.21,3.3,2.29,2.02
1397,04/10/2016,26.84,11.19,21.85,4.69,2.91,1.88
1398,03/10/2016,22.84,10.61,18.31,7.34,3.69,1.44
1399,02/10/2016,24.87,7.57,14.77,9.15,4.0,1.27
1400,01/10/2016,24.04,8.36,15.59,9.26,4.29,1.43
1401,30/09/2016,19.49,7.86,16.11,7.78,3.34,1.42
1402,29/09/2016,20.07,7.08,17.39,5.08,2.01,2.75
1403,28/09/2016,27.16,7.79,18.84,3.35,1.73,2.22
1404,27/09/2016,28.08,11.15,16.55,4.45,1.19,2.52
1405,26/09/2016,21.75,11.58,18.46,4.82,1.07,2.94
1406,25/09/2016,17.31,6.69,15.37,7.24,1.02,3.26
1407,24/09/2016,18.93,5.63,21.85,3.85,1.04,2.45
1408,23/09/2016,16.84,6.0,22.01,2.85,1.04,2.76
1409,22/09/2016,19.81,6.92,22.05,3.35,1.0,2.32
1410,21/09/2016,32.12,7.76,18.84,6.47,1.0,2.95
1411,20/09/2016,23.05,10.41,11.36,10.62,1.03,2.98
1412,19/09/2016,21.59,8.13,15.49,9.25,1.11,2.99
1413,18/09/2016,22.73,7.91,13.58,9.41,1.07,2.99
1414,17/09/2016,19.54,7.76,13.83,7.83,1.06,2.99
1415,16/09/2016,31.9,7.06,11.66,8.08,1.0,3.04
1416,15/09/2016,38.83,10.26,14.92,9.8,1.1,3.16
1417,14/09/2016,19.83,13.34,19.13,9.87,1.36,3.64
1418,13/09/2016,16.39,8.05,18.06,6.43,2.16,3.02
1419,12/09/2016,18.0,8.22,14.62,11.7,1.54,3.01
1420,11/09/2016,17.01,8.21,19.31,2.88,2.82,3.0
1421,10/09/2016,22.2,9.49,20.29,2.18,2.8,2.94
1422,09/09/2016,19.94,12.99,18.16,4.03,2.6,3.24
1423,08/09/2016,25.76,10.9,17.13,4.03,1.28,3.0
1424,07/09/2016,21.18,14.79,14.22,6.17,1.02,3.0
1425,06/09/2016,20.01,7.2,10.41,6.55,1.04,2.99
1426,05/09/2016,20.03,8.4,10.35,5.69,1.01,2.97
1427,04/09/2016,21.84,9.86,15.51,4.36,1.16,2.92
1428,03/09/2016,20.39,9.93,17.48,4.86,1.63,2.95
1429,02/09/2016,19.2,9.74,16.51,3.42,2.93,2.66
1430,01/09/2016,20.38,10.15,16.31,4.08,2.97,3.63
1431,31/08/2016,26.79,10.08,18.74,3.4,4.29,3.44
1432,30/08/2016,24.54,9.82,16.7,5.45,6.82,1.58
1433,29/08/2016,23.54,9.66,19.86,3.61,7.0,2.86
1434,28/08/2016,27.88,9.75,20.03,5.99,7.0,2.56
1435,27/08/2016,27.79,9.91,22.5,6.87,7.0,1.44
1436,26/08/2016,26.47,10.13,18.82,6.78,6.97,2.76
1437,25/08/2016,26.7,9.61,17.57,6.7,6.79,3.47
1438,24/08/2016,30.33,8.84,16.23,6.63,6.4,1.48
1439,23/08/2016,34.81,6.09,14.57,10.63,6.91,2.99
1440,22/08/2016,27.32,11.33,15.61,10.31,6.97,2.92
1441,21/08/2016,26.45,11.09,15.47,8.66,6.75,3.0
1442,20/08/2016,29.31,11.01,18.79,8.43,6.16,2.97
1443,19/08/2016,35.86,13.16,15.09,9.08,6.08,3.0
1444,18/08/2016,45.28,14.76,18.24,7.07,6.03,3.0
1445,17/08/2016,44.64,19.02,18.24,6.7,6.05,3.0
1446,16/08/2016,47.92,18.63,18.76,7.89,6.2,3.0
1447,15/08/2016,37.21,15.74,19.6,8.79,6.79,3.02
1448,14/08/2016,17.84,9.34,14.89,8.79,6.43,3.07
1449,13/08/2016,24.37,6.81,13.3,5.4,5.3,3.01
1450,12/08/2016,26.92,7.25,14.28,6.0,5.13,3.01
1451,11/08/2016,25.42,7.35,13.99,4.38,5.05,3.0
1452,10/08/2016,25.9,9.59,12.94,5.86,4.73,2.62
1453,09/08/2016,24.8,11.34,15.03,6.04,3.99,3.62
1454,08/08/2016,22.97,17.12,13.31,8.84,2.45,2.98
1455,07/08/2016,17.92,15.91,16.25,6.05,1.34,2.99
1456,06/08/2016,19.95,10.0,15.68,3.3,1.09,2.98
1457,05/08/2016,22.44,10.35,14.68,3.09,1.6,2.98
1458,04/08/2016,17.53,11.28,16.17,4.91,2.96,2.74
1459,03/08/2016,15.89,10.3,14.09,6.32,3.59,2.88
1460,02/08/2016,24.81,10.19,15.23,3.47,5.73,1.88
1461,01/08/2016,21.72,12.89,16.63,4.65,7.58,2.97
1462,31/07/2016,18.03,10.15,17.0,6.14,7.92,3.32
1463,30/07/2016,18.16,10.79,16.71,5.08,8.72,2.82
1464,29/07/2016,21.88,9.55,15.96,5.42,8.31,3.0
1465,28/07/2016,20.64,10.66,17.24,7.7,8.64,2.68
1466,27/07/2016,16.67,11.57,16.29,6.24,8.03,1.8
1467,26/07/2016,29.85,13.75,15.53,6.6,7.99,4.81
1468,25/07/2016,17.72,13.17,15.01,4.39,7.92,12.07
1469,24/07/2016,18.17,10.52,14.5,4.12,7.6,1.79
1470,23/07/2016,24.81,9.96,14.85,4.21,7.1,3.13
1471,22/07/2016,26.41,10.26,15.68,3.52,7.05,3.09
1472,21/07/2016,29.08,10.63,15.57,2.84,7.01,2.96
1473,20/07/2016,32.97,11.95,17.03,4.07,6.99,3.0
1474,19/07/2016,37.29,13.53,22.56,8.33,6.96,3.0
1475,18/07/2016,25.03,16.17,15.31,6.37,6.94,3.0
1476,17/07/2016,24.53,12.1,12.85,4.73,6.71,2.98
1477,16/07/2016,25.74,10.7,18.13,4.42,6.09,2.96
1478,15/07/2016,24.71,10.5,20.4,4.83,6.1,3.01
1479,14/07/2016,19.75,10.02,15.58,4.16,6.09,3.04
1480,13/07/2016,17.87,10.14,14.51,8.79,5.96,3.0
1481,12/07/2016,17.0,10.84,14.75,8.07,5.94,3.0
1482,11/07/2016,19.29,10.64,14.78,6.73,5.74,2.93
1483,10/07/2016,21.36,10.09,14.46,4.37,5.1,2.24
1484,09/07/2016,19.36,9.86,17.58,2.36,4.95,5.16
1485,08/07/2016,22.64,10.02,15.98,2.8,4.81,3.15
1486,07/07/2016,19.43,11.33,17.96,4.88,4.21,3.12
1487,06/07/2016,20.2,10.58,18.04,3.97,2.61,2.98
1488,05/07/2016,21.88,10.88,15.65,4.22,2.99,2.82
1489,04/07/2016,16.5,10.71,16.32,8.49,3.24,1.82
1490,03/07/2016,17.44,9.83,17.23,6.65,3.83,2.78
1491,02/07/2016,20.07,8.75,17.96,3.4,4.2,2.81
1492,01/07/2016,23.54,9.64,18.66,4.02,4.91,3.6
1493,30/06/2016,19.53,11.92,19.68,4.07,4.16,2.86
1494,29/06/2016,22.53,10.21,16.07,3.85,3.99,2.98
1495,28/06/2016,23.57,10.06,16.97,5.24,3.84,2.98
1496,27/06/2016,19.71,12.28,17.66,5.14,3.34,2.78
1497,26/06/2016,22.57,15.0,18.59,6.55,3.72,3.15
1498,25/06/2016,20.02,10.67,16.07,5.9,3.14,5.29
1499,24/06/2016,25.76,10.04,19.81,5.77,3.03,2.86
1500,23/06/2016,29.14,11.57,15.36,5.7,3.03,2.95
1501,22/06/2016,26.42,14.15,18.47,5.76,2.86,2.79
1502,21/06/2016,21.44,13.53,17.08,5.29,2.17,2.28
1503,20/06/2016,23.86,9.97,17.48,4.43,2.34,2.92
1504,19/06/2016,25.87,10.19,20.07,7.62,2.81,2.98
1505,18/06/2016,20.07,10.53,18.96,7.93,2.89,2.84
1506,17/06/2016,19.14,9.8,19.7,8.49,3.02,2.52
1507,16/06/2016,19.81,9.22,13.47,10.79,2.98,1.66
1508,15/06/2016,25.21,10.69,17.79,11.24,2.94,2.78
1509,14/06/2016,32.99,11.07,23.83,6.43,2.63,2.94
1510,13/06/2016,31.65,13.76,25.2,6.82,2.04,2.95
1511,12/06/2016,25.63,15.05,25.85,4.64,2.0,2.77
1512,11/06/2016,31.25,11.46,22.65,4.48,2.0,1.88
1513,10/06/2016,32.67,14.51,22.55,3.7,2.0,1.05
1514,09/06/2016,33.27,18.15,24.09,4.02,1.98,1.36
1515,08/06/2016,35.11,15.89,23.07,4.22,1.87,1.55
1516,07/06/2016,38.8,14.99,21.36,4.18,1.67,2.36
1517,06/06/2016,43.19,17.76,20.83,6.47,1.15,1.52
1518,05/06/2016,40.31,21.61,25.3,5.38,1.03,2.74
1519,04/06/2016,43.42,21.07,26.25,7.77,1.12,2.88
1520,03/06/2016,31.56,26.68,28.25,6.85,1.52,3.0
1521,02/06/2016,27.96,15.76,28.11,3.49,2.61,3.02
1522,01/06/2016,28.26,16.91,27.74,3.8,3.83,4.93
1523,31/05/2016,30.72,14.43,26.88,2.85,4.88,4.05
1524,30/05/2016,33.13,13.2,26.63,4.56,4.65,4.05
1525,29/05/2016,40.03,12.19,27.85,3.34,4.09,4.41
1526,28/05/2016,35.33,13.24,27.99,3.56,4.04,5.15
1527,27/05/2016,31.15,12.83,25.82,4.39,4.0,5.88
1528,26/05/2016,29.44,12.96,24.89,5.17,4.01,5.94
1529,25/05/2016,24.02,15.61,27.14,2.62,3.99,6.15
1530,24/05/2016,21.59,15.64,28.33,2.37,3.98,5.21
1531,23/05/2016,18.57,12.87,27.37,2.8,3.92,5.07
1532,22/05/2016,19.37,10.49,25.2,4.21,3.66,5.26
1533,21/05/2016,14.81,9.82,23.94,5.2,2.84,5.65
1534,20/05/2016,20.06,8.15,26.1,3.56,2.89,5.07
1535,19/05/2016,23.78,10.38,24.71,4.78,3.0,4.81
1536,18/05/2016,22.15,10.48,23.78,5.53,3.0,4.02
1537,17/05/2016,29.3,10.83,25.53,5.94,3.04,3.75
1538,16/05/2016,24.24,13.66,29.57,5.98,2.98,3.01
1539,15/05/2016,27.94,13.79,30.2,7.42,2.88,2.69
1540,14/05/2016,28.04,14.0,29.72,5.22,2.24,2.09
1541,13/05/2016,29.76,14.75,31.3,5.35,2.0,2.01
1542,12/05/2016,44.14,17.46,32.56,3.53,2.0,1.98
1543,11/05/2016,56.77,24.43,35.57,3.22,2.0,2.03
1544,10/05/2016,61.52,31.5,40.88,2.76,1.98,2.39
1545,09/05/2016,68.0,34.2,40.11,4.19,1.84,4.1
1546,08/05/2016,69.22,34.5,37.81,4.59,1.24,5.56
1547,07/05/2016,54.7,30.76,35.98,3.08,1.13,5.55
1548,06/05/2016,41.59,25.3,34.03,3.4,1.07,4.77
1549,05/05/2016,29.01,19.17,28.25,7.16,1.03,4.29
1550,04/05/2016,28.85,14.34,26.18,4.76,1.03,3.16
1551,03/05/2016,22.77,16.37,25.4,5.39,1.06,2.33
1552,02/05/2016,16.48,12.42,25.95,7.8,1.31,2.18
1553,01/05/2016,16.58,12.62,25.95,7.17,2.0,2.3
1554,30/04/2016,18.46,9.37,24.89,6.39,2.71,1.56
1555,29/04/2016,17.44,8.76,23.36,12.42,1.79,1.91
1556,28/04/2016,14.3,7.99,22.31,14.47,2.94,1.77
1557,27/04/2016,11.9,7.44,20.3,11.19,2.94,1.16
1558,26/04/2016,14.74,7.85,20.65,10.64,3.16,1.08
1559,25/04/2016,16.59,9.55,24.22,12.09,3.59,1.24
1560,24/04/2016,15.68,11.54,24.99,12.29,5.5,2.19
1561,23/04/2016,16.91,9.22,25.11,10.91,10.3,4.96
1562,22/04/2016,20.62,11.1,24.45,9.92,10.52,5.12
1563,21/04/2016,31.94,14.56,25.36,8.61,10.18,5.09
1564,20/04/2016,28.38,16.23,26.52,12.9,10.79,5.03
1565,19/04/2016,27.98,15.58,25.14,12.53,10.68,5.04
1566,18/04/2016,29.6,17.37,17.34,13.62,10.03,4.93
1567,17/04/2016,28.84,17.48,16.44,14.5,9.4,4.67
1568,16/04/2016,36.22,16.01,19.6,12.08,8.19,3.48
1569,15/04/2016,43.69,17.42,18.56,12.11,7.23,4.06
1570,14/04/2016,28.2,18.17,16.29,13.32,6.8,2.66
1571,13/04/2016,21.84,13.54,18.34,12.37,5.96,2.29
1572,12/04/2016,33.96,12.12,18.74,10.91,5.16,2.22
1573,11/04/2016,35.02,14.44,16.04,14.53,5.29,2.33
1574,10/04/2016,23.4,14.65,16.38,16.13,5.4,2.56
1575,09/04/2016,27.34,12.31,20.77,12.29,4.86,2.99
1576,08/04/2016,24.37,12.33,22.01,9.97,4.67,3.24
1577,07/04/2016,17.35,11.01,21.98,10.23,4.71,3.32
1578,06/04/2016,14.95,8.33,19.8,14.87,7.47,3.69
1579,05/04/2016,18.13,8.18,22.52,12.88,6.84,3.37
1580,04/04/2016,35.57,9.02,20.21,14.49,6.76,3.75
1581,03/04/2016,43.66,14.83,19.43,13.27,6.87,3.69
1582,02/04/2016,22.27,15.26,21.27,11.22,6.77,3.11
1583,01/04/2016,18.63,10.32,21.32,9.4,6.12,3.09
1584,31/03/2016,19.0,6.82,23.06,6.68,5.99,2.83
1585,30/03/2016,24.45,8.96,19.44,10.55,5.93,2.63
1586,29/03/2016,23.46,9.32,14.02,18.58,5.52,2.12
1587,28/03/2016,19.98,10.75,20.88,16.51,6.09,1.89
1588,27/03/2016,17.54,8.51,23.1,14.01,5.35,1.84
1589,26/03/2016,20.58,7.78,27.39,5.7,5.11,1.37
1590,25/03/2016,17.8,11.49,24.86,8.12,5.14,1.49
1591,24/03/2016,18.12,10.38,19.54,14.83,5.33,3.04
1592,23/03/2016,18.0,10.72,18.49,11.78,6.89,9.02
1593,22/03/2016,22.14,10.26,19.28,13.02,6.79,9.91
1594,21/03/2016,39.44,12.57,22.19,12.64,6.33,9.64
1595,20/03/2016,28.83,14.6,22.76,11.17,6.5,9.06
1596,19/03/2016,24.73,13.37,24.27,10.6,6.04,9.0
1597,18/03/2016,44.44,12.77,17.3,10.41,6.33,8.96
1598,17/03/2016,29.71,18.03,13.29,15.11,6.85,7.86
1599,16/03/2016,48.47,11.04,18.03,10.1,5.22,3.52
1600,15/03/2016,62.29,19.75,16.09,10.69,4.38,4.5
1601,14/03/2016,31.8,24.2,11.12,13.33,4.85,1.71
1602,13/03/2016,20.2,14.03,15.95,12.92,4.74,1.16
1603,12/03/2016,39.43,9.56,16.09,11.03,4.39,1.03
1604,11/03/2016,34.35,14.47,9.64,19.68,5.4,1.25
1605,10/03/2016,15.52,14.18,10.01,23.02,6.06,1.68
1606,09/03/2016,17.15,8.6,16.68,15.28,4.05,1.12
1607,08/03/2016,14.9,9.01,20.06,11.56,3.64,1.16
1608,07/03/2016,18.05,8.78,19.09,16.31,4.6,1.24
1609,06/03/2016,13.53,8.01,18.27,15.53,4.27,1.02
1610,05/03/2016,15.88,7.57,18.96,13.16,2.63,1.01
1611,04/03/2016,17.42,8.97,19.51,11.8,2.68,1.0
1612,03/03/2016,14.78,8.96,17.35,15.61,3.76,1.03
1613,02/03/2016,13.45,8.58,19.92,13.67,4.03,1.4
1614,01/03/2016,28.26,6.56,21.11,10.08,2.53,2.23
1615,29/02/2016,41.48,13.83,18.38,12.72,3.05,2.51
1616,28/02/2016,35.11,16.98,14.74,19.8,8.11,1.28
1617,27/02/2016,24.07,15.78,14.37,16.87,3.38,1.52
1618,26/02/2016,18.68,13.13,13.26,17.6,6.1,2.52
1619,25/02/2016,15.54,11.03,12.26,21.1,6.65,2.69
1620,24/02/2016,15.18,10.07,12.82,22.98,5.95,2.93
1621,23/02/2016,14.81,9.31,15.79,20.07,4.92,3.13
1622,22/02/2016,16.43,9.43,18.77,19.82,4.5,3.13
1623,21/02/2016,17.62,7.18,23.54,12.15,3.44,3.03
1624,20/02/2016,15.92,8.01,24.58,8.97,3.09,3.0
1625,19/02/2016,14.92,6.23,22.52,8.62,3.05,3.0
1626,18/02/2016,19.5,8.43,18.8,14.59,3.11,2.97
1627,17/02/2016,23.47,8.35,18.76,19.51,3.07,2.9
1628,16/02/2016,25.91,11.66,21.67,12.74,3.01,2.96
1629,15/02/2016,19.66,17.09,19.54,20.28,2.7,3.05
1630,14/02/2016,15.77,12.9,20.51,12.85,2.17,2.98
1631,13/02/2016,21.69,12.78,21.62,9.86,2.1,3.0
1632,12/02/2016,22.93,10.19,16.6,17.52,2.61,2.88
1633,11/02/2016,22.35,7.99,14.77,24.92,3.35,2.89
1634,10/02/2016,8.86,9.19,16.42,22.3,2.23,3.04
1635,09/02/2016,18.1,4.96,17.44,22.5,1.99,3.34
1636,08/02/2016,13.52,7.19,20.27,18.83,1.7,4.36
1637,07/02/2016,14.64,6.35,23.59,5.89,1.09,3.41
1638,06/02/2016,17.4,6.13,22.5,7.73,1.74,2.8
1639,05/02/2016,21.26,5.84,21.64,10.64,2.93,2.18
1640,04/02/2016,23.78,8.87,18.02,17.15,5.62,2.04
1641,03/02/2016,26.4,9.46,18.26,18.06,7.1,1.95
1642,02/02/2016,24.42,13.8,25.0,12.42,5.93,1.97
1643,01/02/2016,21.52,11.95,25.48,9.5,5.76,2.04
1644,31/01/2016,24.12,6.88,21.59,9.51,5.68,2.11
1645,30/01/2016,29.51,10.93,24.83,8.44,5.06,1.81
1646,29/01/2016,28.82,13.27,23.83,6.03,4.81,2.98
1647,28/01/2016,25.52,12.52,22.07,8.95,7.07,3.12
1648,27/01/2016,20.28,11.41,22.22,7.23,3.42,3.02
1649,26/01/2016,23.32,7.89,24.69,4.4,4.99,3.21
1650,25/01/2016,19.41,7.94,22.98,6.8,5.11,3.81
1651,24/01/2016,31.26,6.52,20.9,6.31,4.89,4.77
1652,23/01/2016,31.73,12.75,21.91,8.07,4.15,5.67
1653,22/01/2016,56.73,11.33,16.74,11.0,4.24,5.66
1654,21/01/2016,57.52,16.64,9.58,21.19,4.57,5.56
1655,20/01/2016,48.78,18.56,9.97,19.87,4.1,4.29
1656,19/01/2016,46.61,15.21,7.76,22.7,4.28,3.13
1657,18/01/2016,32.83,14.38,7.06,24.06,4.91,3.0
1658,17/01/2016,37.83,10.69,15.81,21.78,5.25,2.88
1659,16/01/2016,26.39,14.45,10.48,28.87,6.14,2.71
1660,15/01/2016,22.27,9.92,12.4,26.24,4.23,2.27
1661,14/01/2016,14.48,7.18,8.71,10.47,3.76,2.63
1662,13/01/2016,19.26,6.98,10.93,11.49,3.12,2.02
1663,12/01/2016,18.29,6.83,15.66,16.61,3.04,1.27
1664,11/01/2016,16.9,5.57,20.62,12.94,3.08,1.57
1665,10/01/2016,26.33,5.89,18.93,7.51,3.24,2.83
1666,09/01/2016,23.87,8.88,15.11,13.11,3.72,2.94
1667,08/01/2016,19.16,9.81,14.7,16.28,5.9,3.41
1668,07/01/2016,23.16,7.33,16.84,10.44,6.66,5.8
1669,06/01/2016,31.47,7.88,16.5,5.94,6.82,3.35
1670,05/01/2016,21.85,10.86,13.57,5.77,6.88,3.17
1671,04/01/2016,24.34,8.65,15.74,6.97,6.95,2.88
1672,03/01/2016,24.67,8.9,16.81,10.36,7.26,2.64
1673,02/01/2016,25.57,10.23,19.27,7.21,6.5,2.75
1674,01/01/2016,24.68,8.41,20.79,5.95,6.4,2.94
1675,31/12/2015,22.49,9.52,23.6,6.75,3.93,3.09
1676,30/12/2015,20.84,8.98,25.22,5.25,5.57,3.64
1677,29/12/2015,24.44,6.35,21.45,5.36,4.65,3.09
1678,28/12/2015,23.17,5.18,21.38,4.89,3.86,2.64
1679,27/12/2015,17.46,5.09,22.64,4.14,3.82,1.73
1680,26/12/2015,16.11,4.14,22.99,3.32,4.02,1.83
1681,25/12/2015,13.49,6.96,23.2,4.72,4.09,2.09
1682,24/12/2015,15.25,5.64,23.66,3.73,3.98,2.0
1683,23/12/2015,19.34,7.79,23.37,2.74,3.98,2.0
1684,22/12/2015,19.37,9.82,23.69,4.11,3.96,2.03
1685,21/12/2015,16.35,8.87,23.5,4.66,3.9,2.09
1686,20/12/2015,22.84,6.51,23.93,1.85,3.65,1.73
1687,19/12/2015,19.22,8.19,23.25,1.63,3.07,1.22
1688,18/12/2015,22.91,8.04,22.31,2.84,2.94,1.16
1689,17/12/2015,32.13,8.97,20.39,5.91,3.06,1.63
1690,16/12/2015,32.37,10.46,15.28,11.5,3.61,2.57
1691,15/12/2015,26.61,9.77,14.84,9.51,3.14,2.32
1692,14/12/2015,33.35,7.61,13.99,13.01,3.38,3.0
1693,13/12/2015,28.2,10.15,8.71,17.26,4.18,3.59
1694,12/12/2015,15.77,8.99,11.93,17.08,3.03,3.04
1695,11/12/2015,14.95,6.78,19.23,8.37,2.43,2.77
1696,10/12/2015,13.53,6.96,21.09,5.27,2.05,1.97
1697,09/12/2015,22.24,6.85,23.15,2.65,2.01,2.02
1698,08/12/2015,30.53,10.06,22.99,5.15,2.0,2.01
1699,07/12/2015,17.6,10.49,16.32,9.56,1.97,2.01
1700,06/12/2015,15.94,8.16,20.56,7.0,1.77,1.94
1701,05/12/2015,19.59,5.59,22.72,3.73,1.16,1.8
1702,04/12/2015,22.24,8.13,20.11,5.21,1.5,1.91
1703,03/12/2015,22.79,9.02,11.75,15.94,2.71,2.8
1704,02/12/2015,19.75,8.82,19.95,12.53,2.85,2.32
1705,01/12/2015,18.53,8.54,16.61,12.04,2.87,2.58
1706,30/11/2015,10.54,5.96,16.52,11.05,3.19,3.12
1707,29/11/2015,11.69,3.94,19.91,7.29,2.33,2.93
1708,28/11/2015,14.03,4.21,19.8,5.73,2.29,2.76
1709,27/11/2015,14.82,5.07,18.44,8.98,2.67,1.87
1710,26/11/2015,24.66,4.86,15.16,11.3,2.2,1.61
1711,25/11/2015,19.47,10.1,12.99,16.48,2.11,2.64
1712,24/11/2015,15.3,7.95,16.58,10.91,2.01,2.06
1713,23/11/2015,18.64,6.04,18.13,9.2,2.0,2.18
1714,22/11/2015,16.27,6.6,18.57,12.88,2.0,2.73
1715,21/11/2015,14.04,7.67,17.74,12.28,2.0,2.74
1716,20/11/2015,15.47,5.65,17.1,11.81,1.79,1.99
1717,19/11/2015,15.37,6.53,19.71,8.42,1.12,1.74
1718,18/11/2015,15.73,5.79,21.65,6.51,1.13,1.31
1719,17/11/2015,15.25,7.15,22.26,8.42,1.47,1.91
1720,16/11/2015,16.44,6.12,23.08,6.34,3.76,2.04
1721,15/11/2015,16.07,5.81,19.84,8.22,5.65,2.01
1722,14/11/2015,14.15,6.4,21.72,7.48,5.68,2.04
1723,13/11/2015,13.66,6.35,21.92,6.75,5.84,2.12
1724,12/11/2015,10.88,7.95,22.22,5.67,5.95,1.85
1725,11/11/2015,13.01,4.67,19.36,5.35,5.99,1.25
1726,10/11/2015,16.34,4.17,20.21,6.03,5.78,1.3
1727,09/11/2015,14.6,6.22,23.03,4.14,5.12,1.95
1728,08/11/2015,26.4,7.35,20.67,4.99,5.03,2.02
1729,07/11/2015,37.0,8.98,16.2,10.2,5.27,2.02
1730,06/11/2015,57.74,12.28,12.49,9.83,6.6,2.51
1731,05/11/2015,57.29,17.89,6.56,11.57,8.23,3.98
1732,04/11/2015,56.19,17.04,7.4,11.26,6.88,3.59
1733,03/11/2015,49.46,17.44,5.64,14.95,5.99,3.49
1734,02/11/2015,37.04,15.68,8.65,14.6,5.81,2.8
1735,01/11/2015,27.79,13.03,13.05,12.27,5.25,2.33
1736,31/10/2015,35.71,9.79,15.1,8.64,4.18,2.3
1737,30/10/2015,41.37,11.47,9.76,13.41,4.7,2.71
1738,29/10/2015,56.96,15.08,12.37,12.52,4.35,2.27
1739,28/10/2015,57.59,17.15,6.04,11.59,4.66,2.66
1740,27/10/2015,39.22,17.52,10.06,8.95,4.03,2.28
1741,26/10/2015,17.34,13.93,14.75,8.57,3.95,2.53
1742,25/10/2015,15.13,9.09,16.12,5.75,3.31,1.66
1743,24/10/2015,15.42,6.82,20.32,3.89,3.06,1.08
1744,23/10/2015,21.57,5.83,21.0,6.07,2.96,1.05
1745,22/10/2015,26.13,8.9,21.68,4.03,3.0,1.28
1746,21/10/2015,16.13,13.31,20.47,6.2,3.0,1.76
1747,20/10/2015,26.38,8.07,16.88,6.17,3.0,1.42
1748,19/10/2015,32.12,12.32,16.34,9.42,2.98,2.0
1749,18/10/2015,34.08,11.51,15.62,11.58,3.01,2.19
1750,17/10/2015,56.88,12.64,20.93,10.83,3.19,2.87
1751,16/10/2015,49.99,18.59,20.52,16.89,4.54,2.98
1752,15/10/2015,39.31,17.97,12.49,16.22,5.19,2.99
1753,14/10/2015,30.66,14.34,10.52,16.23,3.73,3.0
1754,13/10/2015,23.98,10.34,9.31,12.69,4.5,3.0
1755,12/10/2015,28.86,8.49,11.22,11.31,5.67,3.01
1756,11/10/2015,36.43,9.35,13.14,9.25,5.73,2.99
1757,10/10/2015,44.62,12.81,15.27,7.79,5.09,3.03
1758,09/10/2015,29.13,15.8,12.29,9.55,5.04,3.25
1759,08/10/2015,32.61,11.45,12.61,12.24,5.0,3.89
1760,07/10/2015,38.77,10.84,11.49,12.71,5.0,3.91
1761,06/10/2015,46.32,11.23,6.75,11.43,5.0,3.81
1762,05/10/2015,60.82,11.44,10.46,9.6,5.08,3.15
1763,04/10/2015,59.19,18.2,17.86,7.49,4.8,3.25
1764,03/10/2015,52.78,16.99,17.22,10.09,4.35,3.81
1765,02/10/2015,52.69,14.25,17.67,9.94,4.73,3.64
1766,01/10/2015,43.93,16.17,19.07,9.45,4.24,3.22
1767,30/09/2015,66.12,16.86,15.54,14.47,4.48,4.21
1768,29/09/2015,46.9,24.64,12.0,17.8,5.25,4.6
1769,28/09/2015,44.84,17.06,14.36,15.29,4.37,4.02
1770,27/09/2015,42.77,14.79,15.47,11.97,4.05,3.83
1771,26/09/2015,27.24,13.93,18.45,9.38,3.83,3.1
1772,25/09/2015,18.24,9.96,14.9,7.05,3.11,3.17
1773,24/09/2015,17.33,8.18,17.89,6.06,2.82,3.77
1774,23/09/2015,32.1,5.95,16.64,4.29,2.11,6.25
1775,22/09/2015,20.13,8.96,14.88,5.57,2.32,7.7
1776,21/09/2015,16.88,6.99,12.76,8.93,2.9,7.72
1777,20/09/2015,21.54,5.33,16.61,9.4,2.75,7.07
1778,19/09/2015,26.49,6.08,21.04,6.97,2.22,7.15
1779,18/09/2015,33.67,7.79,18.61,9.68,2.08,7.58
1780,17/09/2015,32.08,9.14,14.2,11.35,2.13,7.01
1781,16/09/2015,27.68,10.11,14.15,11.02,2.15,6.71
1782,15/09/2015,24.77,9.58,17.45,9.64,2.2,5.59
1783,14/09/2015,27.37,11.51,16.77,12.01,2.64,3.96
1784,13/09/2015,29.82,9.39,18.23,9.8,1.91,3.16
1785,12/09/2015,27.9,7.14,20.95,6.18,1.15,3.02
1786,11/09/2015,33.13,9.85,24.46,3.45,1.08,3.03
1787,10/09/2015,31.15,13.7,26.82,3.53,1.17,3.21
1788,09/09/2015,39.42,13.13,24.49,4.51,1.19,3.83
1789,08/09/2015,45.4,12.61,19.18,6.58,1.34,3.69
1790,07/09/2015,22.89,14.01,16.52,6.95,1.27,3.04
1791,06/09/2015,19.69,8.63,15.67,9.49,1.53,3.0
1792,05/09/2015,20.91,6.93,18.46,6.77,2.81,3.0
1793,04/09/2015,20.28,8.39,17.5,7.1,2.62,2.98
1794,03/09/2015,17.53,8.3,12.75,12.75,1.78,2.83
1795,02/09/2015,23.53,7.06,13.76,11.57,2.55,2.33
1796,01/09/2015,24.98,8.48,16.03,10.63,2.56,2.38
1797,31/08/2015,21.12,9.56,19.03,7.79,5.01,3.01
1798,30/08/2015,26.16,5.94,13.77,9.57,6.03,2.97
1799,29/08/2015,21.7,6.4,22.43,7.11,5.83,2.97
1800,28/08/2015,21.2,6.18,22.57,4.7,5.73,2.96
1801,27/08/2015,16.25,6.76,21.22,4.97,5.09,2.98
1802,26/08/2015,12.93,7.06,19.58,4.7,5.01,3.0
1803,25/08/2015,14.3,6.4,22.14,5.84,4.97,2.98
1804,24/08/2015,20.1,8.97,22.04,7.31,4.97,3.02
1805,23/08/2015,50.63,14.45,27.76,7.92,4.95,3.16
1806,22/08/2015,28.83,29.09,37.5,6.02,4.95,3.58
1807,21/08/2015,20.81,16.38,17.11,6.51,4.93,2.91
1808,20/08/2015,17.06,13.46,18.62,4.3,4.68,2.33
1809,19/08/2015,22.82,12.71,19.5,4.96,4.16,2.89
1810,18/08/2015,30.93,14.0,19.28,7.83,4.4,3.03
1811,17/08/2015,31.15,16.25,14.79,12.89,5.45,3.07
1812,16/08/2015,29.46,15.79,22.19,8.81,4.82,3.0
1813,15/08/2015,27.18,15.24,12.65,9.3,4.09,3.01
1814,14/08/2015,36.3,15.38,15.64,8.55,4.01,3.15
1815,13/08/2015,48.22,17.63,14.77,12.7,3.97,3.79
1816,12/08/2015,32.2,19.59,18.32,12.12,3.86,3.7
1817,11/08/2015,28.38,13.02,19.73,8.55,3.57,3.12
1818,10/08/2015,26.83,11.31,17.93,7.76,3.01,3.04
1819,09/08/2015,27.31,11.21,19.35,4.71,2.8,2.95
1820,08/08/2015,29.77,11.14,18.31,3.38,2.12,2.33
1821,07/08/2015,25.65,12.77,23.08,5.01,2.02,2.25
1822,06/08/2015,25.29,13.0,21.02,8.09,2.02,2.96
1823,05/08/2015,26.21,12.2,21.01,6.36,2.01,2.97
1824,04/08/2015,25.81,12.62,22.85,4.34,2.03,2.97
