date, pm25, pm10, o3, no2,3so2, co
02/02/2020,15,5,25,7,3,3
03/02/2020,13,9,28,5,3,3
04/02/2020,22,10,26,14,4,1
05/02/2020,21,11,22,9,3,1
06/02/2020,24,13,19,10,2,1
07/02/2020,38,16,14,16,2,1
08/02/2020,42,6,31,2,1,3
09/02/2020,16,1,22,10,1,3
10/02/2020,5,10,22,8,3,3
02/01/2020,58,7,25,1,1,3
03/01/2020,20,10,24,9,2,3
04/01/2020,22,5,24,5,2,3
05/01/2020,13,2,25,1,1,3
06/01/2020,6,2,27,8,1,3
07/01/2020,5,3,24,1,3,3
08/01/2020,7,9,23,5,2,3
09/01/2020,21,9,19,13,1,3
10/01/2020,25,7,26,9,1,5
11/01/2020,21,2,26,4,3,5
12/01/2020,5,5,24,3,3,5
13/01/2020,14,6,26,2,3,3
14/01/2020,14,6,26,3,2,3
15/01/2020,15,8,26,1,2,3
16/01/2020,19,7,24,2,2,3
17/01/2020,16,10,23,6,2,3
18/01/2020,23,8,18,15,3,3
19/01/2020,18,7,21,5,2,3
20/01/2020,16,9,21,4,2,3
21/01/2020,23,5,19,7,1,3
22/01/2020,14,6,21,10,1,3
23/01/2020,16,4,21,6,1,3
24/01/2020,10,3,22,7,3,3
25/01/2020,7,3,22,2,3,3
26/01/2020,12,7,22,3,1,3
27/01/2020,19,7,18,5,3,3
28/01/2020,15,4,20,5,3,3
29/01/2020,9,6,23,4,3,3
30/01/2020,14,10,22,8,3,3
01/02/2020,14,5,29,8,1,3
01/10/2019,11,5,18,12,3,3
02/10/2019,11,7,15,10,2,3
03/10/2019,17,8,24,5,2,3
04/10/2019,19,7,18,5,2,3
05/10/2019,15,6,22,5,2,3
06/10/2019,17,7,20,4,2,3
07/10/2019,19,8,22,3,3,3
08/10/2019,19,7,23,3,3,3
09/10/2019,17,6,23,5,3,3
10/10/2019,14,8,21,3,4,3
11/10/2019,18,5,21,5,4,3
12/10/2019,10,7,11,11,4,3
13/10/2019,21,7,12,13,4,1
14/10/2019,20,9,16,13,2,1
15/10/2019,27,8,17,11,1,3
16/10/2019,21,8,14,12,2,1
17/10/2019,18,8,13,14,2,1
18/10/2019,25,6,25,8,2,3
19/10/2019,14,5,23,7,2,1
20/10/2019,10,5,23,11,2,1
21/10/2019,10,4,24,4,2,1
22/10/2019,11,5,25,4,2,3
23/10/2019,13,4,21,8,2,3
24/10/2019,9,6,23,6,2,2
25/10/2019,13,4,24,2,1,1
26/10/2019,9,5,21,8,2,1
28/10/2019,13,6,17,14,2,2
29/10/2019,13,6,23,8,2,1
30/10/2019,12,5,21,9,2,1
31/10/2019,10,11,21,7,2,1
01/11/2019,32,9,8,6,2,2
02/11/2019,32,6,11,11,2,3
03/11/2019,18,13,20,3,2,3
04/11/2019,29,9,22,2,3,3
05/11/2019,21,12,22,10,3,1
06/11/2019,26,12,17,9,3,2
07/11/2019,33,6,25,3,3,1
08/11/2019,13,9,21,14,2,2
09/11/2019,17,8,22,8,3,2
10/11/2019,18,7,21,9,3,1
11/11/2019,17,3,20,8,3,1
12/11/2019,8,3,13,11,3,1
13/11/2019,7,7,10,15,4,2
14/11/2019,18,5,16,12,2,1
15/11/2019,10,5,19,7,1,1
16/11/2019,11,9,10,15,1,1
17/11/2019,27,11,3,18,2,3
18/11/2019,40,11,8,24,2,3
19/11/2019,30,8,8,19,2,3
20/11/2019,23,13,13,9,1,1
21/11/2019,47,9,21,3,2,3
22/11/2019,27,11,21,6,1,1
23/11/2019,33,14,19,2,3,3
24/11/2019,41,16,8,4,3,3
25/11/2019,50,12,13,6,3,3
26/11/2019,44,7,10,4,1,3
27/11/2019,24,6,12,11,1,3
28/11/2019,21,7,20,8,1,3
29/11/2019,14,10,9,24,1,3
30/11/2019,24,16,1,29,2,1
01/12/2019,50,8,10,20,4,3
02/12/2019,27,5,19,8,4,3
03/12/2019,13,9,21,10,4,3
04/12/2019,27,8,24,3,5,3
05/12/2019,18,4,25,2,5,3
06/12/2019,9,4,24,10,5,3
07/12/2019,10,2,23,3,6,3
08/12/2019,6,4,30,2,6,3
09/12/2019,11,9,20,12,5,3
10/12/2019,18,4,26,2,6,3
11/12/2019,11,5,27,2,6,3
12/12/2019,13,8,25,8,6,3
13/12/2019,23,6,12,18,5,3
14/12/2019,20,3,24,4,2,3
15/12/2019,7,7,24,4,2,3
16/12/2019,17,5,23,4,1,3
17/12/2019,12,4,21,9,3,3
18/12/2019,11,6,16,12,3,3
19/12/2019,18,7,12,13,1,3
20/12/2019,22,4,22,11,1,3
21/12/2019,13,5,19,10,2,3
22/12/2019,19,8,14,15,2,3
23/12/2019,29,5,22,5,3,3
24/12/2019,13,6,20,14,1,3
25/12/2019,17,6,20,9,1,3
26/12/2019,21,6,21,3,1,3
27/12/2019,20,4,18,7,1,3
28/12/2019,13,6,23,2,2,3
29/12/2019,18,10,22,8,3,3
01/07/2019,20,10,22,8,3,3
02/07/2019,22,9,18,7,2,3
03/07/2019,24,8,15,7,2,3
04/07/2019,18,4,16,5,3,3
05/07/2019,10,6,21,3,3,3
06/07/2019,18,6,23,3,3,3
07/07/2019,14,11,21,7,3,3
08/07/2019,22,11,13,7,3,3
09/07/2019,36,10,14,6,4,3
12/07/2019,20,6,18,5,4,3
13/07/2019,16,8,22,3,4,3
14/07/2019,19,10,23,5,5,3
15/07/2019,26,13,26,6,5,1
16/07/2019,42,11,20,4,6,1
17/07/2019,29,10,22,8,3,3
20/07/2019,17,4,15,8,3,3
21/07/2019,11,10,13,8,1,3
22/07/2019,18,9,12,8,3,3
23/07/2019,24,17,22,8,1,3
24/07/2019,44,15,22,8,3,3
25/07/2019,34,9,15,8,5,3
26/07/2019,22,5,17,33,7,3
27/07/2019,12,14,27,32,7,3
28/07/2019,41,11,27,8,8,3
29/07/2019,32,8,22,3,8,3
30/07/2019,21,10,28,4,2,3
31/07/2019,31,8,21,4,1,3
01/08/2019,22,7,22,4,3,3
02/08/2019,16,7,20,4,1,3
03/08/2019,18,10,22,4,3,3
04/08/2019,30,6,18,2,4,3
05/08/2019,15,6,16,6,5,3
06/08/2019,15,5,15,10,5,3
07/08/2019,11,5,22,7,4,3
08/08/2019,9,8,22,5,5,3
09/08/2019,18,8,20,7,7,3
10/08/2019,18,3,16,6,5,3
11/08/2019,6,5,18,8,4,3
12/08/2019,12,6,20,8,3,3
13/08/2019,14,5,17,11,5,3
14/08/2019,14,6,16,7,5,3
15/08/2019,12,4,17,19,6,3
16/08/2019,11,8,20,15,7,3
17/08/2019,17,8,20,13,7,3
18/08/2019,18,11,17,7,5,3
19/08/2019,20,7,18,13,3,9
20/08/2019,16,5,18,5,3,7
21/08/2019,15,6,21,4,4,5
22/08/2019,14,6,16,3,3,4
23/08/2019,17,11,34,8,4,5
24/08/2019,28,19,29,12,4,5
25/08/2019,57,11,29,6,4,4
26/08/2019,33,12,18,10,4,4
27/08/2019,30,5,21,6,6,3
28/08/2019,11,7,19,3,5,3
29/08/2019,16,7,18,2,6,3
30/08/2019,20,10,22,8,3,3
01/09/2019,10,3,20,4,5,3
02/09/2019,6,2,17,4,5,3
03/09/2019,3,6,18,4,6,3
04/09/2019,12,10,19,7,4,3
05/09/2019,22,6,17,9,11,3
06/09/2019,13,4,22,9,3,3
07/09/2019,8,4,18,7,4,3
08/09/2019,12,5,13,8,6,3
09/09/2019,14,5,15,7,5,3
10/09/2019,14,7,16,5,7,3
11/09/2019,15,6,16,8,4,3
12/09/2019,13,11,16,10,2,3
13/09/2019,22,6,20,3,4,3
14/09/2019,14,17,18,11,4,3
15/09/2019,37,10,17,10,4,3
16/09/2019,20,10,18,12,4,1
17/09/2019,21,8,11,12,2,3
18/09/2019,18,6,16,9,3,3
19/09/2019,17,13,19,14,5,3
20/09/2019,35,13,22,6,7,3
21/09/2019,32,17,15,10,9,3
22/09/2019,48,6,19,7,9,3
23/09/2019,17,6,12,7,11,3
24/09/2019,16,6,16,8,11,3
25/09/2019,18,5,17,5,12,3
26/09/2019,11,5,15,8,8,3
27/09/2019,11,4,15,5,1,3
28/09/2019,10,9,21,6,1,1
29/09/2019,23,3,23,3,3,3
30/09/2019,8,6,25,7,3,3
01/04/2019,15,8,26,12,9,3
02/04/2019,21,5,31,8,9,3
03/04/2019,14,7,37,3,9,3
04/04/2019,16,26,33,5,8,3
05/04/2019,65,24,29,12,8,3
06/04/2019,66,26,35,4,8,3
07/04/2019,61,24,35,2,6,3
08/04/2019,45,18,35,4,4,3
09/04/2019,39,15,35,12,4,3
10/04/2019,42,21,30,11,4,1
11/04/2019,51,18,31,11,4,1
12/04/2019,50,10,36,4,3,3
13/04/2019,31,11,34,3,4,3
14/04/2019,27,19,34,4,5,3
15/04/2019,51,33,32,5,5,3
16/04/2019,66,28,34,5,5,3
17/04/2019,56,38,33,8,5,3
18/04/2019,74,36,31,16,5,3
19/04/2019,71,36,48,21,6,3
20/04/2019,84,28,57,11,7,3
21/04/2019,78,28,57,8,9,3
22/04/2019,75,39,41,8,10,3
23/04/2019,69,59,39,5,11,3
24/04/2019,85,14,31,8,11,3
25/04/2019,31,7,28,6,11,3
26/04/2019,15,11,27,5,12,3
27/04/2019,28,10,33,5,8,3
28/04/2019,21,20,27,7,8,3
29/04/2019,43,23,22,11,9,3
30/04/2019,59,14,25,13,9,3
01/05/2019,39,10,33,8,10,3
02/05/2019,22,10,29,7,10,3
03/05/2019,18,9,26,7,9,3
04/05/2019,23,10,29,8,10,3
05/05/2019,25,9,26,7,10,3
06/05/2019,20,9,25,6,11,3
07/05/2019,21,10,32,4,9,3
08/05/2019,27,12,34,3,7,3
09/05/2019,20,9,28,7,6,3
10/05/2019,19,7,26,10,5,3
11/05/2019,21,10,31,10,3,3
12/05/2019,27,11,35,10,3,3
13/05/2019,28,18,43,12,4,1
14/05/2019,49,28,38,13,5,3
15/05/2019,68,15,35,5,6,3
16/05/2019,40,16,37,4,7,3
17/05/2019,38,4,33,5,8,3
18/05/2019,18,7,25,7,8,3
19/05/2019,26,7,22,8,8,3
20/05/2019,22,5,25,10,7,3
21/05/2019,19,5,24,10,8,3
22/05/2019,17,6,27,9,8,3
23/05/2019,13,9,28,8,8,3
24/05/2019,19,9,24,6,8,3
25/05/2019,23,7,23,7,10,3
26/05/2019,16,5,28,7,10,3
27/05/2019,14,5,27,5,9,3
28/05/2019,13,7,19,9,10,3
29/05/2019,22,6,22,7,10,3
30/05/2019,16,6,20,5,5,3
31/05/2019,18,9,25,3,2,3
01/06/2019,24,8,26,2,8,3
02/06/2019,22,5,24,2,5,3
03/06/2019,17,8,24,4,3,3
04/06/2019,19,11,27,5,4,3
05/06/2019,24,7,28,5,3,3
06/06/2019,20,10,28,6,3,3
07/06/2019,26,10,28,8,3,3
08/06/2019,30,5,24,3,2,3
09/06/2019,15,9,28,6,2,3
10/06/2019,22,7,25,3,5,3
11/06/2019,11,7,22,8,1,3
12/06/2019,15,5,23,8,2,3
13/06/2019,13,6,28,4,3,3
14/06/2019,19,9,28,4,3,3
15/06/2019,27,7,29,2,3,3
16/06/2019,23,7,27,2,3,3
17/06/2019,20,7,25,5,3,3
18/06/2019,22,8,27,8,3,3
19/06/2019,24,7,25,5,4,3
20/06/2019,16,10,23,6,3,1
21/06/2019,20,10,26,6,2,1
22/06/2019,22,17,28,4,3,3
23/06/2019,40,14,27,5,3,3
24/06/2019,29,11,23,3,5,3
25/06/2019,24,12,23,4,5,3
26/06/2019,29,16,23,8,3,3
27/06/2019,38,20,17,5,10,3
28/06/2019,43,25,21,9,3,3
29/06/2019,56,10,21,2,1,3
30/06/2019,23,6,19,4,3,3
02/01/2019,27,15,10,20,2,3
03/01/2019,41,15,15,18,2,3
04/01/2019,43,17,17,14,2,3
05/01/2019,42,10,18,14,3,3
06/01/2019,42,10,14,12,3,3
07/01/2019,42,10,25,4,5,3
08/01/2019,21,12,22,16,5,4
09/01/2019,27,11,15,20,4,4
10/01/2019,26,5,13,17,5,3
11/01/2019,21,10,20,14,5,3
17/01/2019,14,10,21,16,3,2
18/01/2019,23,19,15,13,1,2
19/01/2019,34,11,10,12,1,2
20/01/2019,66,7,12,15,3,2
21/01/2019,57,5,23,12,1,1
22/01/2019,19,3,19,20,4,2
23/01/2019,23,3,13,24,3,2
24/01/2019,31,4,8,25,5,3
25/01/2019,44,3,23,13,3,1
26/01/2019,15,3,25,6,5,1
27/01/2019,12,5,26,5,5,2
28/01/2019,12,8,24,13,4,2
29/01/2019,17,5,26,12,5,2
30/01/2019,15,6,22,14,5,2
31/01/2019,20,12,16,24,5,3
01/02/2019,41,17,9,28,6,3
02/02/2019,56,8,20,13,3,3
03/02/2019,20,7,25,8,3,2
04/02/2019,20,5,28,9,4,2
05/02/2019,15,8,16,16,3,3
06/02/2019,27,9,28,6,4,2
07/02/2019,19,9,23,12,5,3
08/02/2019,28,6,28,3,5,1
09/02/2019,17,9,28,5,1,3
10/02/2019,18,7,25,10,3,3
11/02/2019,18,6,18,14,1,1
12/02/2019,19,7,25,4,1,3
13/02/2019,19,10,26,3,1,1
14/02/2019,26,19,27,11,1,1
15/02/2019,42,21,29,17,2,2
16/02/2019,64,8,28,3,3,1
17/02/2019,18,14,31,2,4,1
18/02/2019,35,8,30,3,4,1
19/02/2019,18,7,27,7,4,1
20/02/2019,15,3,29,3,4,1
21/02/2019,10,5,27,5,3,1
22/02/2019,17,25,30,7,2,1
23/02/2019,50,21,32,5,2,1
24/02/2019,52,16,18,14,1,2
25/02/2019,43,39,10,25,2,3
26/02/2019,97,35,15,27,3,3
27/02/2019,87,42,21,26,4,3
28/02/2019,104,27,20,14,4,2
01/03/2019,74,22,18,13,4,2
02/03/2019,66,8,30,6,7,1
03/03/2019,22,15,30,4,8,2
04/03/2019,30,7,25,12,9,2
05/03/2019,14,6,22,14,8,2
06/03/2019,18,9,23,12,9,2
07/03/2019,17,6,21,13,9,2
08/03/2019,18,6,27,10,7,2
09/03/2019,16,7,31,8,7,2
10/03/2019,18,6,27,8,7,2
11/03/2019,16,7,29,6,5,1
12/03/2019,16,5,33,1,7,3
13/03/2019,18,8,29,6,7,1
14/03/2019,19,8,28,8,7,3
15/03/2019,18,8,28,9,7,1
16/03/2019,17,5,28,8,8,1
17/03/2019,18,6,28,11,7,1
18/03/2019,14,6,26,11,4,1
19/03/2019,15,5,25,7,4,3
20/03/2019,12,3,24,3,4,3
21/03/2019,11,7,20,4,3,3
22/03/2019,17,10,27,4,5,3
23/03/2019,20,12,29,6,4,1
24/03/2019,23,9,32,5,4,1
25/03/2019,21,13,28,11,4,1
26/03/2019,27,12,28,12,4,1
27/03/2019,24,15,27,11,4,1
28/03/2019,31,13,32,6,4,1
29/03/2019,34,15,36,6,5,1
30/03/2019,36,13,26,8,5,1
31/03/2019,19,14,29,7,4,1
01/10/2018,16,13,21,10,2,1
02/10/2018,26,7,19,8,2,1
03/10/2018,17,4,20,5,2,1
04/10/2018,11,10,21,13,3,2
05/10/2018,23,7,20,13,3,2
06/10/2018,21,5,25,2,3,2
07/10/2018,14,4,24,2,4,1
08/10/2018,10,9,27,1,4,1
09/10/2018,18,16,27,9,4,2
10/10/2018,47,23,26,7,5,2
11/10/2018,62,6,29,2,6,2
12/10/2018,15,5,26,5,6,2
13/10/2018,13,6,22,11,5,3
14/10/2018,17,8,15,15,5,3
15/10/2018,24,5,23,8,5,3
16/10/2018,19,10,23,10,4,3
17/10/2018,23,9,21,12,3,3
18/10/2018,22,9,24,7,4,3
19/10/2018,24,5,21,5,4,2
20/10/2018,18,7,22,5,4,2
21/10/2018,18,13,25,7,3,3
22/10/2018,25,11,27,6,4,3
23/10/2018,21,7,25,8,4,3
24/10/2018,11,5,26,6,4,2
25/10/2018,10,9,22,9,3,1
26/10/2018,14,9,24,7,2,1
27/10/2018,15,9,22,11,1,1
29/10/2018,18,11,18,14,3,2
30/10/2018,22,11,16,14,4,2
31/10/2018,26,7,21,8,5,2
01/11/2018,21,7,20,15,4,2
02/11/2018,17,8,22,10,3,2
03/11/2018,17,4,28,1,4,1
04/11/2018,10,13,29,5,5,2
05/11/2018,26,24,11,11,5,3
06/11/2018,72,26,10,10,6,3
07/11/2018,79,6,18,5,7,3
08/11/2018,24,8,21,10,5,3
09/11/2018,19,12,23,5,6,3
10/11/2018,37,5,24,2,8,3
11/11/2018,13,5,20,9,8,3
12/11/2018,18,5,23,8,7,3
13/11/2018,11,6,25,4,6,3
14/11/2018,14,4,28,1,5,3
15/11/2018,13,7,23,5,5,3
16/11/2018,25,12,23,11,5,3
17/11/2018,37,21,14,8,4,3
18/11/2018,64,20,16,6,4,3
19/11/2018,51,11,25,3,4,3
20/11/2018,25,9,24,2,5,3
21/11/2018,17,11,22,5,6,4
22/11/2018,32,17,9,15,5,5
23/11/2018,54,7,14,6,4,2
24/11/2018,23,8,15,8,4,2
25/11/2018,27,5,27,3,4,2
26/11/2018,12,5,27,6,4,2
27/11/2018,12,6,18,6,5,3
28/11/2018,21,4,30,4,7,3
29/11/2018,17,8,29,5,8,3
30/11/2018,18,6,26,4,7,3
01/12/2018,18,9,25,9,7,3
02/12/2018,25,13,9,15,8,4
03/12/2018,49,7,18,23,8,4
04/12/2018,27,7,14,17,5,4
05/12/2018,23,6,16,13,6,4
06/12/2018,25,9,22,8,7,3
07/12/2018,26,8,26,3,9,4
08/12/2018,20,8,26,11,9,4
09/12/2018,19,8,14,20,7,4
10/12/2018,26,11,12,25,6,5
11/12/2018,33,8,11,16,6,4
12/12/2018,33,16,16,9,6,4
13/12/2018,55,12,20,8,6,5
14/12/2018,38,11,15,11,6,5
15/12/2018,37,14,14,7,8,5
16/12/2018,50,6,27,8,9,5
17/12/2018,20,9,19,14,8,5
18/12/2018,25,5,25,6,6,3
19/12/2018,15,9,22,14,2,2
20/12/2018,26,4,21,10,2,2
21/12/2018,16,6,18,13,2,3
22/12/2018,21,5,21,8,3,2
23/12/2018,14,9,17,19,3,3
24/12/2018,30,12,4,22,3,4
25/12/2018,46,14,16,13,3,3
26/12/2018,49,12,19,6,3,1
27/12/2018,37,14,18,7,3,2
28/12/2018,36,9,21,7,3,2
29/12/2018,23,6,25,7,3,2
30/12/2018,16,7,24,8,3,1
31/12/2018,20,10,22,8,3,3
01/07/2018,53,13,30,2,5,4
02/07/2018,29,12,28,3,6,3
03/07/2018,26,9,21,8,7,1
04/07/2018,24,16,37,4,7,3
05/07/2018,36,11,25,6,5,3
06/07/2018,22,10,30,6,6,3
07/07/2018,27,8,21,2,4,3
08/07/2018,19,9,23,2,4,3
09/07/2018,18,5,21,4,7,3
10/07/2018,21,3,22,3,4,3
11/07/2018,4,1,19,4,1,3
18/07/2018,24,2,22,7,3,3
19/07/2018,10,10,9,6,5,3
24/07/2018,21,8,28,5,1,3
25/07/2018,23,12,36,4,2,1
26/07/2018,36,16,36,6,2,1
27/07/2018,46,10,28,3,3,3
28/07/2018,25,7,18,3,3,3
29/07/2018,14,9,23,4,3,1
30/07/2018,16,12,23,1,2,3
31/07/2018,14,19,22,3,1,3
01/08/2018,18,10,17,4,1,3
02/08/2018,12,7,15,8,1,1
03/08/2018,19,6,20,8,3,1
04/08/2018,19,8,23,3,1,1
05/08/2018,20,7,24,5,2,1
06/08/2018,21,7,20,7,3,2
07/08/2018,20,7,19,6,3,2
08/08/2018,14,7,21,5,2,2
09/08/2018,15,6,19,10,2,2
10/08/2018,19,7,24,5,2,2
11/08/2018,15,6,27,3,3,2
12/08/2018,16,5,25,8,3,3
13/08/2018,19,5,13,6,3,3
14/08/2018,16,5,19,3,3,3
15/08/2018,14,7,17,4,4,3
16/08/2018,21,4,18,3,3,3
17/08/2018,13,5,14,6,3,4
18/08/2018,18,4,16,5,3,4
19/08/2018,14,10,15,7,3,4
20/08/2018,28,6,19,4,3,4
21/08/2018,19,5,18,6,4,4
22/08/2018,15,7,18,5,4,4
23/08/2018,19,6,17,9,5,4
24/08/2018,18,8,22,10,5,4
25/08/2018,20,4,18,7,6,4
26/08/2018,15,6,17,7,6,4
27/08/2018,13,7,23,4,5,4
28/08/2018,21,9,19,6,5,4
29/08/2018,18,11,18,9,4,4
30/08/2018,18,12,30,8,4,5
31/08/2018,30,7,21,5,4,4
01/09/2018,20,4,22,4,4,4
02/09/2018,14,5,22,4,3,3
03/09/2018,15,11,22,11,2,1
04/09/2018,32,8,23,8,2,1
05/09/2018,22,7,19,10,3,1
06/09/2018,17,6,18,12,3,2
07/09/2018,16,6,18,8,3,1
08/09/2018,15,5,23,2,4,1
09/09/2018,14,6,22,2,3,1
10/09/2018,15,12,21,3,4,2
11/09/2018,23,9,20,3,3,2
12/09/2018,17,9,20,2,3,2
13/09/2018,20,6,17,9,4,1
14/09/2018,17,6,19,5,3,1
15/09/2018,15,7,22,3,4,1
16/09/2018,16,6,21,3,5,1
17/09/2018,18,7,25,6,6,1
18/09/2018,22,9,26,2,6,2
19/09/2018,21,9,25,6,6,2
20/09/2018,14,5,22,9,7,2
21/09/2018,13,8,23,9,5,2
22/09/2018,19,5,22,10,4,2
23/09/2018,16,6,22,8,3,2
24/09/2018,14,7,28,2,4,2
25/09/2018,17,5,14,1,2,1
26/09/2018,10,7,20,9,1,1
27/09/2018,21,7,16,13,3,1
28/09/2018,18,6,24,3,1,1
29/09/2018,12,6,23,6,2,1
30/09/2018,19,8,21,9,1,1
01/04/2018,18,5,41,1,3,1
02/04/2018,12,4,39,2,5,1
03/04/2018,8,4,36,10,5,1
04/04/2018,11,9,28,9,4,3
05/04/2018,18,13,29,8,6,1
06/04/2018,36,11,36,8,9,1
07/04/2018,26,9,31,7,10,1
08/04/2018,27,11,28,8,13,2
09/04/2018,37,8,33,3,15,1
10/04/2018,16,22,34,3,15,1
11/04/2018,37,28,35,3,8,2
12/04/2018,45,30,33,7,11,2
13/04/2018,52,19,31,9,10,2
14/04/2018,58,23,36,4,6,2
15/04/2018,71,9,39,3,6,2
16/04/2018,27,10,42,2,5,2
17/04/2018,24,7,31,4,3,1
18/04/2018,20,11,36,3,3,1
19/04/2018,26,10,32,7,3,1
20/04/2018,24,14,34,10,3,3
21/04/2018,33,14,33,6,2,4
22/04/2018,34,6,32,3,1,4
23/04/2018,12,8,31,4,1,2
24/04/2018,17,7,29,3,2,1
25/04/2018,13,7,32,5,2,1
26/04/2018,16,8,33,6,2,1
27/04/2018,16,5,34,3,1,1
28/04/2018,17,7,35,4,1,1
29/04/2018,17,11,36,4,1,1
30/04/2018,20,8,36,6,3,1
01/05/2018,21,6,34,7,3,2
02/05/2018,14,10,33,2,2,2
03/05/2018,20,5,22,3,1,3
04/05/2018,15,6,19,1,3,3
05/05/2018,19,8,23,5,3,3
06/05/2018,27,12,46,4,1,3
07/05/2018,32,11,50,3,2,3
08/05/2018,34,6,33,2,2,4
09/05/2018,13,12,33,4,2,4
10/05/2018,23,12,34,4,2,3
11/05/2018,27,6,36,4,2,3
12/05/2018,18,10,34,5,2,3
13/05/2018,34,9,33,7,1,3
14/05/2018,23,9,29,10,1,3
15/05/2018,24,8,30,3,1,3
16/05/2018,14,10,32,4,1,3
17/05/2018,19,16,31,12,2,3
18/05/2018,38,15,41,4,2,3
19/05/2018,38,13,43,1,2,3
20/05/2018,35,11,39,6,3,3
21/05/2018,30,8,37,1,2,3
22/05/2018,16,8,35,3,2,4
23/05/2018,21,13,37,3,2,4
24/05/2018,44,17,46,3,2,3
25/05/2018,45,22,44,1,2,4
26/05/2018,56,12,32,1,3,4
27/05/2018,36,12,37,4,3,4
28/05/2018,43,10,40,3,3,3
29/05/2018,35,22,40,2,3,3
30/05/2018,53,23,37,8,2,4
31/05/2018,65,25,28,14,2,5
01/06/2018,67,24,27,14,2,5
02/06/2018,69,19,30,6,2,4
03/06/2018,61,12,31,2,2,4
04/06/2018,41,18,31,2,2,3
05/06/2018,30,21,32,3,2,4
06/06/2018,32,20,30,3,2,4
07/06/2018,35,10,29,2,3,4
08/06/2018,22,12,27,2,3,4
09/06/2018,31,17,29,5,4,4
10/06/2018,46,9,25,5,3,4
11/06/2018,25,9,25,6,3,4
12/06/2018,27,9,27,2,4,4
13/06/2018,25,14,24,3,5,4
14/06/2018,26,9,22,2,4,5
15/06/2018,21,6,23,4,5,6
16/06/2018,18,6,24,1,5,6
17/06/2018,14,12,27,4,5,5
18/06/2018,24,14,24,6,4,5
19/06/2018,24,6,21,12,7,4
20/06/2018,17,10,22,16,5,2
21/06/2018,19,10,23,16,5,2
22/06/2018,24,10,22,14,6,2
23/06/2018,23,8,32,8,7,3
24/06/2018,22,12,35,8,7,3
25/06/2018,30,14,32,2,6,2
26/06/2018,43,17,32,6,4,1
27/06/2018,51,22,39,11,5,3
28/06/2018,53,14,33,3,5,3
29/06/2018,41,15,31,4,6,3
30/06/2018,33,21,33,5,6,4
02/01/2018,16,7,21,5,7,9
03/01/2018,16,5,22,9,9,10
04/01/2018,14,5,18,11,9,10
05/01/2018,16,6,14,11,9,10
06/01/2018,19,11,22,5,7,9
07/01/2018,17,21,10,26,8,11
08/01/2018,55,14,17,14,8,9
09/01/2018,29,17,17,5,10,10
10/01/2018,51,21,3,15,12,12
11/01/2018,66,13,3,21,9,11
12/01/2018,48,10,15,7,8,10
16/01/2018,11,3,24,6,6,2
17/01/2018,14,6,24,6,3,2
18/01/2018,15,6,17,8,1,3
19/01/2018,17,3,24,8,1,2
20/01/2018,11,7,20,19,1,3
21/01/2018,28,5,17,17,1,2
22/01/2018,23,12,25,6,1,3
23/01/2018,25,6,24,3,1,3
24/01/2018,13,6,26,1,2,3
25/01/2018,15,11,11,18,10,2
26/01/2018,39,10,18,18,5,2
27/01/2018,54,13,28,3,1,1
31/01/2018,16,5,30,8,4,2
01/02/2018,15,7,21,12,4,2
02/02/2018,16,10,22,14,4,2
03/02/2018,21,8,15,14,4,2
04/02/2018,28,12,12,18,4,2
05/02/2018,35,8,20,9,4,1
06/02/2018,20,9,25,15,6,1
07/02/2018,22,8,25,12,6,1
08/02/2018,16,9,26,4,7,1
09/02/2018,24,10,25,12,7,1
10/02/2018,17,9,31,5,7,1
11/02/2018,21,5,24,11,8,1
12/02/2018,13,4,28,5,7,1
13/02/2018,9,7,29,7,6,2
14/02/2018,12,6,26,3,3,4
15/02/2018,15,7,31,3,2,4
16/02/2018,15,8,28,2,3,3
17/02/2018,15,5,28,5,3,2
18/02/2018,12,10,15,18,1,3
19/02/2018,31,13,12,22,4,4
20/02/2018,40,7,19,14,3,2
21/02/2018,15,22,15,15,3,5
22/02/2018,41,10,22,8,3,3
23/02/2018,36,15,22,10,3,3
24/02/2018,52,17,28,6,3,3
25/02/2018,44,18,27,4,3,3
26/02/2018,37,10,29,6,2,3
27/02/2018,17,7,33,3,3,3
28/02/2018,11,6,31,2,3,3
01/03/2018,10,10,34,8,5,4
02/03/2018,17,10,22,8,3,3
04/03/2018,16,26,27,4,7,7
05/03/2018,71,20,18,7,11,8
06/03/2018,62,10,22,8,3,3
08/03/2018,23,9,26,12,4,6
09/03/2018,21,11,31,9,3,5
10/03/2018,19,10,20,6,3,3
11/03/2018,32,10,22,8,3,3
13/03/2018,9,12,17,15,3,1
14/03/2018,31,13,26,7,4,1
15/03/2018,33,16,20,5,8,1
16/03/2018,45,6,29,2,5,1
17/03/2018,19,14,35,1,3,3
18/03/2018,25,13,37,1,2,3
19/03/2018,22,15,36,7,2,1
20/03/2018,22,15,23,16,3,1
21/03/2018,38,10,29,5,2,1
22/03/2018,21,10,35,3,4,1
23/03/2018,19,5,34,6,7,1
24/03/2018,12,9,29,10,6,1
25/03/2018,13,9,28,11,4,1
26/03/2018,16,7,31,8,5,1
27/03/2018,20,9,31,10,3,1
28/03/2018,19,11,31,8,3,1
29/03/2018,23,9,34,1,3,1
30/03/2018,19,14,36,1,1,1
31/03/2018,33,9,38,2,1,1
01/10/2017,13,9,21,5,6,6
02/10/2017,16,9,22,5,5,6
03/10/2017,15,6,23,7,1,7
04/10/2017,13,5,20,8,1,6
05/10/2017,11,7,18,8,3,5
06/10/2017,15,3,19,4,1,5
07/10/2017,10,4,18,3,1,6
08/10/2017,10,5,19,4,1,6
09/10/2017,12,6,21,4,2,7
10/10/2017,11,5,23,6,2,8
11/10/2017,13,7,22,2,2,7
12/10/2017,12,5,20,4,2,7
13/10/2017,10,11,20,4,1,7
14/10/2017,16,9,24,3,2,7
15/10/2017,24,11,23,5,2,8
16/10/2017,25,4,24,5,2,8
17/10/2017,10,8,23,4,2,7
18/10/2017,14,16,13,8,3,9
19/10/2017,44,10,16,11,4,10
20/10/2017,33,7,18,7,5,10
21/10/2017,16,5,19,7,4,10
22/10/2017,14,7,19,6,4,9
23/10/2017,14,6,22,5,4,10
24/10/2017,13,7,23,3,4,10
25/10/2017,14,13,11,15,1,7
26/10/2017,25,7,17,9,3,5
27/10/2017,20,3,21,2,1,6
28/10/2017,10,11,22,10,1,6
30/10/2017,24,12,14,12,1,7
31/10/2017,26,5,13,2,2,6
01/11/2017,15,4,16,4,2,6
02/11/2017,14,10,17,15,2,6
03/11/2017,17,5,22,5,3,4
04/11/2017,13,5,22,5,4,4
05/11/2017,14,13,17,13,3,6
06/11/2017,36,11,24,9,4,5
07/11/2017,27,8,26,13,4,5
08/11/2017,15,6,21,10,4,5
09/11/2017,20,12,24,8,4,5
10/11/2017,20,9,22,12,5,6
11/11/2017,17,9,17,16,5,6
12/11/2017,22,6,18,11,5,6
13/11/2017,15,8,18,10,5,6
14/11/2017,15,6,17,13,5,6
15/11/2017,15,13,18,17,5,7
16/11/2017,29,9,22,9,6,6
17/11/2017,14,7,23,6,6,6
18/11/2017,14,9,21,15,6,6
19/11/2017,19,9,13,16,7,7
20/11/2017,23,8,13,17,9,7
21/11/2017,28,8,8,16,6,8
22/11/2017,32,10,22,8,3,3
24/11/2017,20,3,17,7,3,3
25/11/2017,10,5,17,11,3,3
26/11/2017,13,5,18,9,3,3
27/11/2017,12,7,19,14,1,4
28/11/2017,15,5,16,12,3,4
29/11/2017,13,7,22,13,3,3
30/11/2017,15,8,22,14,3,3
01/12/2017,15,12,16,21,1,4
02/12/2017,25,5,15,13,1,4
03/12/2017,16,12,15,15,1,4
04/12/2017,24,5,18,11,1,4
05/12/2017,14,3,22,3,1,3
06/12/2017,9,4,22,1,3,4
07/12/2017,10,8,24,9,4,5
08/12/2017,12,8,16,15,3,4
09/12/2017,15,7,14,16,3,4
10/12/2017,21,10,9,23,6,5
11/12/2017,36,10,7,25,7,6
12/12/2017,34,8,16,16,4,6
13/12/2017,21,6,23,8,4,6
14/12/2017,14,7,24,15,5,6
15/12/2017,24,8,11,20,4,6
16/12/2017,24,7,11,20,3,5
17/12/2017,26,7,18,14,3,4
18/12/2017,25,12,15,18,3,4
19/12/2017,27,4,16,7,3,4
20/12/2017,12,5,17,9,2,4
21/12/2017,15,14,17,20,3,7
22/12/2017,43,8,13,11,2,7
23/12/2017,31,4,20,1,3,5
24/12/2017,12,4,21,1,4,6
25/12/2017,10,10,22,8,3,3
28/12/2017,26,7,15,17,6,8
29/12/2017,19,8,16,13,7,9
30/12/2017,29,9,24,11,8,10
31/12/2017,25,10,22,8,3,3
01/07/2017,26,8,22,3,1,6
02/07/2017,25,8,19,5,2,6
03/07/2017,24,8,21,5,2,6
04/07/2017,24,8,21,3,2,6
05/07/2017,26,10,15,9,2,7
06/07/2017,34,7,16,6,2,7
07/07/2017,25,6,27,4,2,6
08/07/2017,22,6,22,3,2,7
09/07/2017,24,5,20,4,3,7
10/07/2017,19,7,22,4,3,7
11/07/2017,24,9,25,7,3,6
12/07/2017,31,8,24,7,3,6
13/07/2017,27,6,18,5,3,5
14/07/2017,22,4,18,2,3,7
15/07/2017,22,9,21,2,2,5
16/07/2017,23,18,18,4,2,6
17/07/2017,37,16,28,5,3,6
18/07/2017,47,19,22,3,4,7
19/07/2017,47,9,18,5,5,7
20/07/2017,25,12,23,4,5,7
21/07/2017,31,18,26,3,4,8
22/07/2017,39,11,27,7,5,8
23/07/2017,42,11,25,6,5,7
24/07/2017,36,9,18,6,5,8
25/07/2017,33,11,22,5,7,8
26/07/2017,39,8,17,3,7,8
27/07/2017,26,10,18,3,7,8
01/08/2017,27,7,19,6,9,9
02/08/2017,29,8,21,6,9,9
03/08/2017,25,7,19,9,9,9
04/08/2017,24,8,20,7,9,9
05/08/2017,26,6,20,4,9,9
06/08/2017,19,5,16,2,9,8
07/08/2017,18,8,18,3,10,3
08/08/2017,22,6,16,10,10,4
09/08/2017,21,10,17,5,10,3
10/08/2017,30,5,16,2,5,3
11/08/2017,21,6,16,5,1,3
12/08/2017,26,6,15,4,1,3
13/08/2017,22,4,14,3,2,3
14/08/2017,18,4,14,3,3,3
15/08/2017,14,6,13,2,3,4
16/08/2017,13,8,14,2,4,4
17/08/2017,19,6,13,3,4,4
18/08/2017,14,9,16,3,4,4
19/08/2017,20,6,13,5,4,3
20/08/2017,18,11,16,8,4,4
21/08/2017,28,21,19,8,4,4
22/08/2017,50,13,14,5,1,4
23/08/2017,36,5,17,3,3,4
24/08/2017,14,4,16,3,1,4
25/08/2017,10,5,15,4,1,4
26/08/2017,15,3,16,1,1,4
27/08/2017,11,4,16,2,2,5
28/08/2017,13,10,18,3,2,5
29/08/2017,19,8,18,5,3,5
30/08/2017,17,7,15,7,3,5
31/08/2017,18,8,17,6,2,5
01/09/2017,22,6,18,3,2,4
02/09/2017,16,8,19,2,3,5
03/09/2017,23,5,13,3,4,6
04/09/2017,15,8,17,4,4,6
05/09/2017,16,10,22,8,3,3
11/09/2017,10,6,17,6,8,6
12/09/2017,11,5,14,12,8,7
13/09/2017,12,4,14,9,8,7
14/09/2017,12,6,15,10,7,7
15/09/2017,12,5,13,9,7,7
16/09/2017,14,9,20,6,7,7
17/09/2017,17,7,17,10,7,7
18/09/2017,16,8,17,11,8,7
19/09/2017,18,5,16,7,10,7
20/09/2017,17,4,17,9,3,7
21/09/2017,11,5,15,6,1,8
22/09/2017,11,5,15,6,2,8
23/09/2017,14,10,15,9,2,8
24/09/2017,28,24,13,12,3,10
25/09/2017,68,22,19,9,3,9
26/09/2017,66,20,21,5,4,9
27/09/2017,60,4,20,6,5,8
28/09/2017,10,10,22,2,2,6
29/09/2017,20,9,19,7,3,6
30/09/2017,19,6,20,5,6,7
01/04/2017,29,6,34,7,1,2
02/04/2017,21,6,34,4,2,2
03/04/2017,21,11,32,9,1,3
04/04/2017,24,13,33,9,1,3
05/04/2017,27,5,28,10,1,3
06/04/2017,17,5,28,11,1,2
07/04/2017,21,15,33,4,1,3
08/04/2017,49,19,35,11,1,1
09/04/2017,55,7,28,5,1,3
10/04/2017,19,14,33,6,1,3
11/04/2017,25,6,34,7,2,3
12/04/2017,20,8,29,9,2,1
13/04/2017,21,5,30,8,2,1
14/04/2017,23,7,33,7,2,1
15/04/2017,21,8,34,5,1,1
16/04/2017,21,8,33,6,1,2
17/04/2017,21,10,31,13,1,2
18/04/2017,24,8,29,9,1,1
19/04/2017,26,8,26,7,1,1
20/04/2017,24,7,28,7,1,3
21/04/2017,27,7,30,8,1,1
22/04/2017,22,6,33,6,1,1
23/04/2017,20,6,28,8,2,1
24/04/2017,16,7,27,8,2,2
25/04/2017,16,8,29,10,2,2
26/04/2017,19,7,28,10,2,2
27/04/2017,19,8,29,11,2,2
28/04/2017,23,8,32,6,2,2
29/04/2017,32,24,41,4,3,3
30/04/2017,65,36,38,4,3,2
01/05/2017,64,33,39,5,2,2
02/05/2017,67,19,42,4,2,3
03/05/2017,49,22,39,3,1,2
04/05/2017,48,17,47,3,4,2
05/05/2017,42,16,40,3,1,2
06/05/2017,44,14,35,4,1,2
07/05/2017,43,18,38,4,1,2
08/05/2017,31,18,33,7,2,2
09/05/2017,38,15,32,9,3,3
10/05/2017,46,19,38,9,4,3
11/05/2017,53,28,37,5,4,3
12/05/2017,65,12,30,4,4,2
13/05/2017,48,8,31,3,4,3
14/05/2017,25,6,27,4,4,2
15/05/2017,24,4,27,4,4,2
16/05/2017,17,9,29,7,4,2
17/05/2017,29,12,28,8,4,1
18/05/2017,30,11,32,9,5,2
19/05/2017,35,5,29,6,5,3
20/05/2017,23,5,27,3,4,2
21/05/2017,22,10,28,7,5,3
22/05/2017,37,10,26,7,5,3
23/05/2017,28,7,20,7,5,2
24/05/2017,27,17,28,10,5,3
25/05/2017,55,21,34,12,6,3
26/05/2017,56,26,31,7,6,3
27/05/2017,61,12,29,4,6,3
28/05/2017,34,12,23,3,7,3
29/05/2017,32,10,27,6,8,3
30/05/2017,30,13,28,6,8,3
31/05/2017,30,9,26,4,5,4
01/06/2017,28,9,26,7,3,4
02/06/2017,27,13,28,9,4,5
03/06/2017,38,6,28,3,4,6
04/06/2017,15,8,24,6,5,6
05/06/2017,25,6,27,11,6,8
06/06/2017,24,8,27,7,6,6
07/06/2017,23,7,21,6,6,8
08/06/2017,25,7,25,4,6,7
09/06/2017,25,7,25,3,6,7
10/06/2017,25,9,25,1,6,7
11/06/2017,32,7,25,4,6,8
12/06/2017,25,7,22,4,6,8
13/06/2017,25,10,24,4,6,8
14/06/2017,32,9,29,3,7,8
15/06/2017,29,8,22,5,7,8
16/06/2017,28,10,15,4,4,8
17/06/2017,32,8,20,3,4,8
18/06/2017,27,8,22,6,4,8
19/06/2017,31,4,24,5,4,7
20/06/2017,28,10,22,6,5,8
21/06/2017,39,9,22,7,5,9
22/06/2017,41,6,25,5,4,9
23/06/2017,26,10,26,3,5,9
24/06/2017,25,8,23,4,5,9
25/06/2017,20,8,21,6,5,9
26/06/2017,22,6,19,4,3,8
27/06/2017,24,11,29,3,1,5
28/06/2017,26,8,26,8,2,7
29/06/2017,26,6,22,9,2,6
30/06/2017,23,8,22,4,1,6
03/01/2017,20,6,25,7,3,4
04/01/2017,10,15,20,15,2,4
05/01/2017,21,17,17,20,3,5
06/01/2017,32,9,20,9,2,3
07/01/2017,24,8,19,12,2,3
08/01/2017,22,8,24,5,2,2
09/01/2017,17,9,25,3,1,2
10/01/2017,18,20,26,9,3,3
11/01/2017,34,14,28,8,3,3
12/01/2017,22,11,25,11,3,3
13/01/2017,18,19,25,13,3,3
14/01/2017,16,13,18,18,3,3
15/01/2017,23,10,24,13,3,3
16/01/2017,17,9,18,15,3,1
17/01/2017,26,5,19,10,1,2
18/01/2017,22,10,21,6,2,3
19/01/2017,24,12,20,12,2,3
20/01/2017,34,10,16,6,2,2
21/01/2017,37,16,8,13,2,4
22/01/2017,60,21,7,14,2,3
23/01/2017,72,24,16,14,2,3
24/01/2017,72,6,29,5,2,3
25/01/2017,23,12,29,4,2,3
26/01/2017,33,29,16,16,4,3
27/01/2017,89,29,13,18,3,3
28/01/2017,84,21,15,15,3,4
29/01/2017,71,6,24,12,3,3
30/01/2017,23,9,20,14,3,3
31/01/2017,33,6,20,11,3,3
01/02/2017,34,8,17,16,3,3
02/02/2017,34,8,26,7,3,3
03/02/2017,25,10,29,6,2,2
04/02/2017,26,8,26,6,1,2
05/02/2017,25,12,17,12,1,2
06/02/2017,46,8,19,12,1,2
07/02/2017,33,6,16,17,1,3
08/02/2017,25,10,17,13,1,2
11/02/2017,31,10,27,5,1,2
12/02/2017,23,10,32,2,1,1
13/02/2017,33,33,28,4,2,2
14/02/2017,73,10,27,10,2,3
15/02/2017,97,20,18,17,2,4
16/02/2017,86,10,25,6,2,2
17/02/2017,27,10,20,18,3,3
18/02/2017,34,7,26,4,2,2
19/02/2017,29,4,29,5,2,2
20/02/2017,14,6,25,8,3,2
21/02/2017,16,11,28,6,3,2
22/02/2017,20,12,29,11,3,2
23/02/2017,19,8,27,3,3,2
24/02/2017,15,10,22,8,3,3
25/02/2017,18,10,22,8,3,3
28/02/2017,16,10,22,8,3,3
02/03/2017,17,3,17,12,4,3
03/03/2017,11,9,26,5,5,3
04/03/2017,42,10,28,3,5,3
05/03/2017,16,10,22,8,3,3
10/03/2017,12,9,13,15,3,3
11/03/2017,25,6,21,9,3,3
12/03/2017,25,6,20,10,3,3
13/03/2017,26,13,24,5,3,1
14/03/2017,35,20,23,10,3,3
15/03/2017,42,16,24,6,3,1
16/03/2017,39,7,25,6,1,1
17/03/2017,25,3,29,6,1,1
18/03/2017,16,5,24,10,2,1
19/03/2017,22,5,29,6,2,1
20/03/2017,17,8,30,6,2,1
21/03/2017,21,4,30,5,2,1
22/03/2017,16,8,32,8,1,2
23/03/2017,24,13,32,4,3,1
24/03/2017,24,15,24,18,1,2
25/03/2017,41,13,25,20,1,2
26/03/2017,64,13,33,12,1,2
27/03/2017,43,24,27,8,1,2
28/03/2017,74,35,25,12,2,2
29/03/2017,100,3,30,5,2,2
30/03/2017,17,6,35,6,2,2
31/03/2017,24,8,34,9,2,3
01/10/2016,21,7,15,10,5,1
02/10/2016,26,6,14,10,4,1
03/10/2016,21,11,17,7,4,1
04/10/2016,30,11,23,3,3,2
05/10/2016,20,13,23,2,2,2
06/10/2016,22,13,21,6,3,2
07/10/2016,24,11,20,4,3,3
08/10/2016,21,10,15,12,1,4
09/10/2016,30,10,12,11,3,4
10/10/2016,32,7,23,3,1,3
11/10/2016,15,9,24,4,3,3
12/10/2016,18,7,21,5,1,4
13/10/2016,16,11,18,5,1,4
14/10/2016,31,13,19,6,1,5
15/10/2016,43,13,11,8,1,4
16/10/2016,49,4,21,4,1,4
17/10/2016,12,5,24,12,1,4
18/10/2016,17,8,12,19,2,4
19/10/2016,24,10,12,20,3,5
20/10/2016,34,13,12,17,2,5
21/10/2016,36,9,19,11,2,5
22/10/2016,32,6,23,3,1,4
23/10/2016,16,7,12,11,2,5
24/10/2016,18,9,15,10,2,5
25/10/2016,29,10,19,6,2,5
26/10/2016,32,4,23,4,2,4
27/10/2016,16,15,22,13,2,4
28/10/2016,27,9,14,13,2,5
29/10/2016,29,8,20,8,2,5
31/10/2016,25,12,19,12,3,5
01/11/2016,47,7,18,17,2,4
02/11/2016,20,8,15,14,3,3
03/11/2016,21,6,20,7,3,3
04/11/2016,16,9,23,13,3,3
05/11/2016,19,8,19,10,3,2
06/11/2016,22,5,18,7,3,2
07/11/2016,12,7,15,16,3,3
08/11/2016,16,9,15,15,1,3
09/11/2016,23,6,24,10,3,4
10/11/2016,23,8,15,20,1,4
11/11/2016,23,8,17,16,1,4
12/11/2016,26,7,19,12,1,5
13/11/2016,21,7,21,8,1,4
14/11/2016,17,4,22,6,1,4
15/11/2016,14,12,22,6,1,4
16/11/2016,27,8,24,8,1,4
17/11/2016,19,4,26,12,1,5
18/11/2016,13,5,19,17,1,5
19/11/2016,16,7,22,15,1,5
20/11/2016,21,12,13,22,2,5
21/11/2016,47,14,21,17,2,5
22/11/2016,45,7,29,16,2,5
23/11/2016,16,19,5,32,5,7
24/11/2016,49,27,2,34,8,8
25/11/2016,69,14,9,25,3,6
26/11/2016,41,15,5,24,3,6
27/11/2016,41,15,20,18,2,5
28/11/2016,29,18,18,23,3,6
29/11/2016,35,16,16,12,2,5
30/11/2016,31,13,23,9,1,4
01/12/2016,22,14,20,15,1,4
02/12/2016,23,20,13,22,2,6
03/12/2016,42,18,5,20,2,6
04/12/2016,43,17,20,10,1,4
05/12/2016,35,23,11,22,2,6
06/12/2016,53,21,6,24,2,7
07/12/2016,65,6,20,3,1,4
08/12/2016,18,18,24,10,1,5
09/12/2016,34,9,23,7,1,5
10/12/2016,22,14,24,4,1,4
11/12/2016,30,10,25,7,1,5
12/12/2016,19,11,19,17,2,6
13/12/2016,29,14,11,12,2,6
14/12/2016,46,10,18,12,2,4
15/12/2016,34,20,9,13,2,4
16/12/2016,63,13,17,13,2,3
17/12/2016,41,11,22,6,2,2
18/12/2016,21,10,20,9,2,3
19/12/2016,26,13,17,17,2,3
20/12/2016,29,11,17,13,2,4
21/12/2016,30,9,26,5,2,3
22/12/2016,20,8,27,7,2,3
23/12/2016,14,10,30,3,2,3
24/12/2016,18,7,29,4,2,3
25/12/2016,17,6,27,1,2,3
26/12/2016,14,9,30,5,2,3
27/12/2016,20,14,25,5,3,3
28/12/2016,25,11,25,5,3,3
29/12/2016,28,15,23,4,3,4
30/12/2016,37,38,25,2,3,3
31/12/2016,59,12,26,5,3,4
01/01/2017,27,11,22,9,3,4
02/01/2017,19,11,17,13,3,4
01/07/2016,11,8,17,4,4,3
02/07/2016,18,8,19,3,4,3
03/07/2016,18,10,17,7,4,3
04/07/2016,15,11,16,10,3,1
05/07/2016,25,11,15,3,3,3
06/07/2016,19,11,19,3,2,3
07/07/2016,19,11,18,6,5,3
08/07/2016,25,8,15,2,5,3
09/07/2016,17,10,19,1,5,7
10/07/2016,23,10,13,5,5,1
11/07/2016,18,11,15,8,6,3
12/07/2016,16,11,15,9,6,3
13/07/2016,18,10,14,10,6,3
14/07/2016,19,10,15,3,6,3
17/07/2016,24,11,11,4,7,3
18/07/2016,23,19,15,7,7,3
19/07/2016,44,13,27,10,7,3
20/07/2016,32,12,14,4,7,3
21/07/2016,29,10,16,2,7,3
24/07/2016,15,10,14,4,8,1
25/07/2016,16,15,15,4,8,18
26/07/2016,35,14,15,7,8,3
27/07/2016,9,11,16,6,8,1
28/07/2016,25,11,18,9,9,3
29/07/2016,22,9,15,5,8,3
30/07/2016,17,11,17,5,9,3
31/07/2016,17,10,17,7,9,3
01/08/2016,21,15,17,5,9,3
02/08/2016,31,10,14,2,6,1
03/08/2016,12,10,13,7,3,3
04/08/2016,17,12,18,5,3,3
05/08/2016,25,10,14,2,1,3
06/08/2016,19,9,16,2,1,3
07/08/2016,16,17,16,7,1,3
08/08/2016,23,21,12,11,2,3
09/08/2016,26,10,15,5,4,3
12/08/2016,28,7,14,6,5,3
13/08/2016,24,6,12,4,5,3
14/08/2016,11,9,14,11,7,3
15/08/2016,37,18,24,9,7,3
16/08/2016,54,19,18,8,6,3
17/08/2016,45,21,20,6,6,3
18/08/2016,49,14,19,7,6,3
19/08/2016,35,13,13,10,6,3
20/08/2016,30,10,22,8,6,3
21/08/2016,25,11,14,9,7,3
22/08/2016,27,9,11,11,7,3
23/08/2016,39,3,14,12,7,3
24/08/2016,31,10,16,5,6,1
25/08/2016,26,10,18,7,7,1
26/08/2016,27,10,19,7,7,3
27/08/2016,28,10,26,8,7,1
28/08/2016,29,10,19,6,7,3
29/08/2016,22,10,20,2,7,3
30/08/2016,26,10,17,6,7,1
31/08/2016,28,10,19,2,3,5
01/09/2016,21,10,16,4,3,4
02/09/2016,16,10,17,3,3,3
03/09/2016,23,10,19,5,1,3
04/09/2016,22,10,14,4,1,3
05/09/2016,19,8,8,6,1,3
06/09/2016,20,6,9,7,1,3
07/09/2016,22,17,15,7,1,3
08/09/2016,27,7,18,2,1,3
09/09/2016,17,15,18,3,3,3
10/09/2016,23,9,21,1,3,3
11/09/2016,16,8,19,3,3,3
12/09/2016,18,9,11,15,1,3
13/09/2016,15,7,21,3,3,3
14/09/2016,18,16,20,11,1,4
15/09/2016,44,9,14,10,1,3
16/09/2016,27,6,10,8,1,3
17/09/2016,14,8,14,7,1,3
18/09/2016,23,8,12,10,1,3
19/09/2016,20,8,17,9,1,3
20/09/2016,20,11,9,11,1,3
21/09/2016,38,7,21,6,1,3
22/09/2016,15,7,23,2,1,2
23/09/2016,14,6,24,1,1,3
24/09/2016,19,5,23,2,1,3
25/09/2016,14,6,14,9,1,3
26/09/2016,19,14,19,4,1,3
27/09/2016,31,11,15,3,1,3
28/09/2016,28,7,21,3,2,2
29/09/2016,17,5,17,4,2,3
30/09/2016,15,7,15,9,4,1
01/04/2016,14,9,21,9,6,3
02/04/2016,22,17,22,11,7,3
03/04/2016,53,16,19,14,7,4
04/04/2016,45,7,20,16,7,4
05/04/2016,17,8,24,11,7,3
06/04/2016,13,7,18,17,8,4
07/04/2016,11,10,22,8,3,3
19/04/2016,30,15,26,12,11,5
20/04/2016,27,18,27,14,11,5
21/04/2016,36,15,25,6,10,5
22/04/2016,19,11,24,11,11,5
23/04/2016,16,8,26,11,11,5
24/04/2016,14,13,25,12,5,2
25/04/2016,18,8,25,13,3,1
26/04/2016,14,8,18,11,3,1
27/04/2016,10,7,20,10,3,1
28/04/2016,12,8,23,16,3,2
29/04/2016,15,8,24,12,1,2
30/04/2016,15,7,26,4,3,1
01/05/2016,13,9,26,8,1,2
02/05/2016,14,12,26,9,1,2
03/05/2016,17,16,25,5,1,2
04/05/2016,28,13,26,4,1,3
05/05/2016,25,20,29,10,1,5
06/05/2016,44,29,36,2,1,5
07/05/2016,59,32,36,3,1,6
08/05/2016,75,36,38,5,1,6
09/05/2016,68,35,41,4,2,4
10/05/2016,63,33,42,2,2,2
11/05/2016,60,23,33,3,2,2
12/05/2016,46,17,33,3,2,2
13/05/2016,25,14,31,6,2,2
14/05/2016,27,14,29,5,2,2
15/05/2016,29,14,31,8,3,3
16/05/2016,25,15,30,5,3,3
17/05/2016,33,10,24,6,3,4
18/05/2016,20,10,23,5,3,4
19/05/2016,23,11,25,4,3,5
20/05/2016,19,6,27,3,3,5
21/05/2016,9,10,23,6,3,6
22/05/2016,20,9,26,4,4,5
23/05/2016,16,14,28,2,4,5
24/05/2016,23,16,29,2,4,5
25/05/2016,23,17,27,2,4,6
26/05/2016,30,12,24,6,4,6
27/05/2016,34,13,26,4,4,6
28/05/2016,36,14,29,3,4,5
29/05/2016,45,12,28,3,4,4
30/05/2016,32,14,26,5,5,4
31/05/2016,31,16,27,2,5,4
01/06/2016,28,18,28,2,5,6
02/06/2016,29,14,29,2,3,3
03/06/2016,31,32,29,8,1,3
04/06/2016,52,20,26,8,1,3
05/06/2016,38,23,26,4,1,3
06/06/2016,45,18,18,9,1,1
07/06/2016,39,14,22,3,2,3
08/06/2016,33,16,23,4,2,1
09/06/2016,33,20,24,4,2,1
10/06/2016,32,13,21,4,2,1
11/06/2016,31,9,22,4,2,2
12/06/2016,21,17,27,4,2,3
13/06/2016,35,15,25,7,2,3
14/06/2016,36,10,26,6,3,3
15/06/2016,23,10,13,13,3,3
16/06/2016,17,8,11,12,3,1
17/06/2016,17,10,22,8,3,3
20/06/2016,24,10,16,3,2,3
21/06/2016,21,15,18,5,2,2
22/06/2016,28,15,19,6,3,3
23/06/2016,33,11,14,6,3,3
24/06/2016,26,9,24,6,3,3
25/06/2016,17,10,14,6,3,3
26/06/2016,23,17,19,7,4,3
27/06/2016,18,12,17,5,3,3
28/06/2016,23,9,17,5,4,3
29/06/2016,19,10,16,3,4,3
30/06/2016,16,7,17,4,4,3
05/01/2016,17,13,11,5,7,3
06/01/2016,37,7,17,5,7,3
07/01/2016,22,7,17,12,7,7
08/01/2016,17,11,13,18,6,3
09/01/2016,26,9,13,12,3,3
10/01/2016,31,4,21,4,3,3
11/01/2016,10,6,22,14,3,1
12/01/2016,19,6,13,19,3,1
13/01/2016,19,6,9,11,3,2
14/01/2016,12,7,7,8,4,3
15/01/2016,21,9,13,32,4,2
16/01/2016,25,18,9,33,7,3
17/01/2016,48,9,20,18,5,3
18/01/2016,30,17,3,27,5,3
19/01/2016,59,15,8,23,4,3
20/01/2016,48,21,11,19,4,5
21/01/2016,63,17,8,23,5,6
22/01/2016,60,9,22,8,4,6
23/01/2016,20,16,24,7,4,6
24/01/2016,32,4,19,4,5,5
25/01/2016,13,9,23,7,5,4
26/01/2016,26,5,27,2,5,3
27/01/2016,10,10,22,8,3,3
30/01/2016,31,11,27,8,5,1
31/01/2016,23,5,21,11,6,2
01/02/2016,18,12,28,7,6,2
02/02/2016,26,15,27,11,6,2
03/02/2016,27,9,16,21,8,2
04/02/2016,23,9,19,20,6,2
05/02/2016,22,4,24,8,2,2
06/02/2016,13,6,23,8,1,3
07/02/2016,13,6,25,3,1,3
08/02/2016,13,7,19,21,2,5
09/02/2016,20,3,17,24,2,3
10/02/2016,4,10,16,24,2,3
12/02/2016,21,11,17,15,2,3
13/02/2016,21,9,24,6,2,3
14/02/2016,8,9,20,14,2,3
15/02/2016,12,18,19,25,3,3
16/02/2016,25,11,23,6,2,3
17/02/2016,24,6,17,25,3,3
18/02/2016,16,9,18,12,3,3
19/02/2016,13,5,23,7,3,3
20/02/2016,15,8,26,9,3,3
21/02/2016,16,6,24,12,3,3
22/02/2016,12,10,17,23,5,3
23/02/2016,15,9,14,22,5,3
24/02/2016,14,10,12,25,6,3
25/02/2016,15,11,12,22,7,3
26/02/2016,17,15,13,18,6,3
27/02/2016,27,18,14,16,2,1
28/02/2016,41,19,13,24,12,1
29/02/2016,47,13,20,8,1,3
01/03/2016,33,6,22,8,1,3
02/03/2016,10,9,20,15,5,1
03/03/2016,12,9,16,17,3,1
04/03/2016,16,9,21,9,2,1
05/03/2016,15,7,18,14,2,1
06/03/2016,11,8,18,16,5,1
07/03/2016,19,9,19,19,5,1
08/03/2016,13,9,21,9,3,1
09/03/2016,17,8,17,16,4,1
10/03/2016,17,16,7,26,7,2
11/03/2016,40,16,9,19,5,1
12/03/2016,50,7,20,7,4,1
13/03/2016,12,12,16,15,5,1
14/03/2016,34,30,8,14,5,1
15/03/2016,79,18,18,9,4,6
16/03/2016,51,5,19,9,5,3
17/03/2016,15,21,12,17,8,10
18/03/2016,54,8,19,8,6,9
19/03/2016,13,15,27,11,6,9
20/03/2016,30,15,22,11,7,9
21/03/2016,45,12,22,14,6,10
22/03/2016,21,9,17,13,7,10
23/03/2016,15,11,18,11,7,10
24/03/2016,18,10,19,17,5,3
25/03/2016,18,13,27,5,5,1
26/03/2016,22,6,30,2,5,1
27/03/2016,16,7,21,18,6,2
28/03/2016,18,8,21,16,5,2
29/03/2016,18,10,11,22,6,2
30/03/2016,27,9,21,10,6,3
31/03/2016,16,5,26,3,6,3
01/10/2015,43,19,20,9,4,3
02/10/2015,60,13,19,10,5,4
03/10/2015,51,18,20,10,4,4
04/10/2015,61,21,19,6,5,3
05/10/2015,65,9,8,10,5,3
06/10/2015,36,12,3,12,5,4
07/10/2015,42,9,12,14,5,4
08/10/2015,30,11,13,13,5,4
09/10/2015,27,18,10,9,5,3
10/10/2015,54,12,15,7,5,3
11/10/2015,36,9,11,10,6,3
12/10/2015,28,8,11,12,6,3
13/10/2015,21,10,8,13,4,3
14/10/2015,33,15,10,18,3,3
15/10/2015,42,20,13,16,6,3
16/10/2015,56,22,22,18,5,3
17/10/2015,66,10,22,8,3,3
19/10/2015,32,14,16,9,3,2
20/10/2015,28,3,17,4,3,1
21/10/2015,9,18,22,6,3,2
22/10/2015,33,7,23,3,3,1
23/10/2015,14,5,22,7,3,1
24/10/2015,14,6,21,2,3,1
26/10/2015,10,13,14,9,4,3
27/10/2015,43,20,7,8,4,2
28/10/2015,68,18,4,12,5,3
29/10/2015,60,11,15,12,4,2
30/10/2015,29,11,7,14,5,3
31/10/2015,32,7,18,6,4,2
01/11/2015,21,12,15,11,5,2
02/11/2015,33,17,4,16,6,3
03/11/2015,55,18,4,15,6,4
04/11/2015,60,17,5,11,7,4
05/11/2015,60,25,4,12,9,5
06/11/2015,78,12,15,9,6,2
07/11/2015,35,8,17,11,5,2
08/11/2015,22,6,22,3,5,2
09/11/2015,10,6,24,4,5,2
10/11/2015,18,3,20,7,6,1
11/11/2015,12,4,19,5,6,1
12/11/2015,10,10,24,3,6,2
13/11/2015,13,5,22,6,6,2
14/11/2015,13,7,22,8,6,2
15/11/2015,17,4,19,9,6,2
16/11/2015,13,6,24,4,3,2
17/11/2015,14,8,21,10,1,2
18/11/2015,16,5,23,5,1,1
19/11/2015,15,7,19,9,1,2
20/11/2015,15,5,17,13,2,2
21/11/2015,13,8,17,12,2,3
22/11/2015,15,6,17,14,2,3
23/11/2015,20,5,19,6,2,2
24/11/2015,13,9,17,12,2,2
25/11/2015,20,11,12,20,2,3
26/11/2015,28,4,16,9,2,1
27/11/2015,9,4,19,9,3,2
28/11/2015,13,3,22,4,2,3
29/11/2015,7,3,21,8,2,3
30/11/2015,9,6,15,14,3,3
01/12/2015,17,8,15,12,3,3
02/12/2015,19,8,25,11,3,2
03/12/2015,22,8,10,18,3,3
04/12/2015,21,7,22,3,1,1
05/12/2015,18,2,26,1,1,1
06/12/2015,9,8,21,8,2,2
07/12/2015,16,12,13,12,2,2
08/12/2015,36,11,25,4,2,2
09/12/2015,22,5,24,1,2,2
10/12/2015,11,7,21,5,2,2
11/12/2015,15,6,19,9,2,3
12/12/2015,15,10,8,21,3,3
13/12/2015,31,11,7,18,5,4
14/12/2015,37,6,15,12,3,3
15/12/2015,21,10,16,7,3,2
16/12/2015,33,11,14,13,4,3
17/12/2015,34,9,21,4,3,1
18/12/2015,19,8,23,2,3,1
19/12/2015,19,8,24,1,3,1
20/12/2015,25,5,25,1,4,2
21/12/2015,13,10,23,6,4,2
22/12/2015,21,10,24,3,4,2
23/12/2015,20,8,23,2,4,2
24/12/2015,14,4,24,4,4,2
25/12/2015,12,6,23,4,4,2
26/12/2015,14,2,24,2,4,2
30/12/2015,21,6,27,5,6,4
31/12/2015,18,10,22,8,3,3
01/07/2015,63,19,26,7,2,3
02/07/2015,34,15,24,7,2,3
03/07/2015,27,13,26,4,2,3
04/07/2015,18,15,23,7,3,3
05/07/2015,26,12,19,5,2,3
06/07/2015,14,11,22,6,3,3
07/07/2015,13,11,16,9,3,3
08/07/2015,10,11,19,8,3,3
09/07/2015,15,13,24,7,3,3
10/07/2015,23,12,22,3,3,3
11/07/2015,18,9,17,4,3,3
12/07/2015,14,12,12,10,4,3
13/07/2015,20,15,15,8,4,3
14/07/2015,27,10,19,6,4,3
15/07/2015,13,13,24,4,4,3
16/07/2015,14,12,25,4,4,3
17/07/2015,14,12,21,3,4,3
18/07/2015,14,10,24,7,4,3
19/07/2015,12,11,17,7,5,3
20/07/2015,18,13,15,8,5,3
21/07/2015,16,12,15,6,2,3
22/07/2015,13,11,17,6,3,3
23/07/2015,11,13,17,6,1,3
24/07/2015,18,13,17,4,2,3
25/07/2015,18,12,23,4,1,3
26/07/2015,16,14,25,5,1,3
27/07/2015,12,12,19,9,1,1
28/07/2015,14,11,16,9,2,1
29/07/2015,16,8,18,9,2,2
30/07/2015,6,10,22,2,1,2
12/08/2015,30,24,20,13,4,4
13/08/2015,54,17,14,15,4,4
14/08/2015,35,15,17,6,4,3
15/08/2015,24,15,7,11,4,3
16/08/2015,28,16,26,9,5,3
17/08/2015,32,17,10,15,6,3
18/08/2015,30,14,20,6,4,3
19/08/2015,18,12,20,4,4,3
20/08/2015,14,14,19,3,5,2
21/08/2015,22,17,15,6,5,3
22/08/2015,29,38,48,5,5,4
23/08/2015,69,12,26,9,5,3
24/08/2015,15,6,21,8,5,3
25/08/2015,12,5,23,6,5,3
26/08/2015,11,5,18,4,5,3
27/08/2015,12,6,21,5,5,3
28/08/2015,20,6,24,4,6,3
29/08/2015,19,6,24,7,6,3
30/08/2015,20,5,9,11,7,3
31/08/2015,16,10,22,8,3,3
03/09/2015,13,7,12,14,1,3
04/09/2015,20,7,18,6,3,3
05/09/2015,21,6,22,6,3,3
06/09/2015,18,8,15,11,1,3
07/09/2015,23,16,16,5,1,3
08/09/2015,55,12,20,6,1,4
09/09/2015,43,12,27,4,1,4
10/09/2015,28,15,29,3,1,3
11/09/2015,35,10,27,3,1,3
15/09/2015,22,7,21,8,2,6
16/09/2015,27,10,13,12,2,7
17/09/2015,31,9,14,12,2,7
18/09/2015,36,7,20,9,2,8
19/09/2015,27,5,23,5,2,7
20/09/2015,22,5,16,11,3,7
21/09/2015,15,5,11,10,3,8
22/09/2015,16,6,13,5,2,8
23/09/2015,27,5,16,3,2,6
24/09/2015,13,9,18,7,3,3
25/09/2015,20,11,14,7,3,3
26/09/2015,32,15,21,10,4,3
27/09/2015,48,14,16,13,4,4
28/09/2015,43,17,15,16,4,4
29/09/2015,45,33,10,20,6,5
30/09/2015,78,16,18,13,4,4
01/04/2015,14,14,23,10,2,2
02/04/2015,18,15,14,11,3,3
03/04/2015,45,11,18,12,2,2
04/04/2015,18,8,22,7,2,2
05/04/2015,12,13,22,11,2,2
06/04/2015,23,15,19,7,1,2
07/04/2015,24,10,22,8,3,3
13/05/2015,9,12,27,4,1,2
14/05/2015,13,13,26,6,1,1
15/05/2015,22,14,28,6,1,3
16/05/2015,18,10,27,4,1,3
17/05/2015,13,8,25,8,2,3
18/05/2015,8,9,24,9,3,3
19/05/2015,10,11,25,9,3,3
20/05/2015,14,20,24,7,2,3
21/05/2015,30,11,17,7,3,3
22/05/2015,13,20,24,6,2,3
23/05/2015,33,10,23,5,2,3
24/05/2015,10,20,24,8,3,3
25/05/2015,30,13,25,8,3,3
26/05/2015,16,13,22,6,2,3
27/05/2015,17,11,20,7,3,3
28/05/2015,8,11,20,8,3,3
29/05/2015,10,10,23,6,3,3
30/05/2015,9,10,23,5,3,3
31/05/2015,10,10,25,2,3,3
01/06/2015,10,12,24,3,3,3
02/06/2015,13,12,22,8,3,1
03/06/2015,14,20,22,11,4,1
04/06/2015,34,18,27,7,4,3
05/06/2015,35,12,23,2,3,3
06/06/2015,12,12,23,5,4,3
07/06/2015,15,11,22,7,4,1
08/06/2015,11,15,28,10,5,1
09/06/2015,27,13,32,8,4,1
10/06/2015,20,18,32,10,5,1
11/06/2015,31,21,30,9,6,1
12/06/2015,40,17,28,4,4,3
13/06/2015,19,10,22,3,4,3
14/06/2015,9,15,18,8,5,1
15/06/2015,21,17,21,7,5,1
16/06/2015,34,11,18,6,5,3
17/06/2015,12,15,19,9,5,1
18/06/2015,20,11,14,6,3,1
19/06/2015,10,11,17,6,1,3
20/06/2015,16,10,17,4,1,3
21/06/2015,12,11,14,7,2,3
22/06/2015,13,15,18,6,2,3
23/06/2015,25,17,14,10,3,3
24/06/2015,31,14,13,8,1,3
25/06/2015,27,13,17,5,1,1
26/06/2015,20,14,22,2,1,1
27/06/2015,19,10,20,2,1,3
28/06/2015,12,12,17,4,2,3
29/06/2015,13,11,15,5,2,3
30/06/2015,18,37,29,14,3,1
02/01/2015,31,9,22,8,2,1
03/01/2015,19,10,16,21,2,1
04/01/2015,32,8,19,9,2,1
05/01/2015,31,5,17,9,2,3
06/01/2015,28,5,19,12,2,3
07/01/2015,25,5,22,4,2,3
08/01/2015,28,10,20,7,2,3
09/01/2015,28,19,23,12,2,3
10/01/2015,41,8,22,9,2,3
11/01/2015,29,5,22,5,2,3
12/01/2015,23,15,24,6,2,3
13/01/2015,38,6,20,6,2,3
14/01/2015,26,5,19,6,2,3
15/01/2015,24,11,23,4,2,3
16/01/2015,32,9,19,5,2,3
17/01/2015,22,7,11,19,2,1
18/01/2015,31,8,16,15,2,1
19/01/2015,27,17,8,31,5,2
20/01/2015,50,13,7,26,3,2
21/01/2015,52,24,5,23,3,2
22/01/2015,81,22,5,20,3,2
23/01/2015,76,9,16,9,2,3
24/01/2015,36,10,18,12,2,3
25/01/2015,35,6,19,5,2,3
26/01/2015,28,11,18,16,2,3
27/01/2015,31,9,17,8,2,3
28/01/2015,32,10,19,11,2,3
31/01/2015,18,8,17,12,3,3
03/02/2015,50,8,7,22,3,1
04/02/2015,39,21,3,22,2,3
05/02/2015,37,13,9,17,2,3
06/02/2015,32,19,13,14,2,3
07/02/2015,55,10,12,13,1,3
08/02/2015,29,11,19,7,3,3
09/02/2015,23,5,22,6,3,1
10/02/2015,11,7,21,5,3,1
11/02/2015,23,18,14,5,3,1
12/02/2015,55,15,14,11,1,1
13/02/2015,43,37,13,7,1,2
14/02/2015,92,30,16,7,3,1
15/02/2015,61,26,18,6,1,2
16/02/2015,68,12,20,11,3,2
17/02/2015,22,12,23,3,3,1
18/02/2015,17,9,25,3,3,3
19/02/2015,14,10,25,5,3,3
20/02/2015,14,7,22,10,1,3
21/02/2015,9,9,21,14,1,3
22/02/2015,15,7,25,9,1,3
23/02/2015,12,9,27,3,1,3
24/02/2015,15,12,24,12,1,3
25/02/2015,16,6,21,12,1,3
26/02/2015,12,9,23,9,1,2
27/02/2015,13,13,27,5,1,2
28/02/2015,22,12,28,3,1,1
01/03/2015,23,6,29,4,1,2
02/03/2015,8,8,25,8,1,2
03/03/2015,9,9,25,5,1,2
04/03/2015,13,12,23,13,2,2
05/03/2015,14,12,26,4,1,1
06/03/2015,15,15,28,3,1,1
07/03/2015,23,11,28,1,1,3
08/03/2015,22,9,29,5,1,2
09/03/2015,15,13,28,5,1,2
10/03/2015,16,15,24,13,2,2
11/03/2015,20,14,21,11,1,2
12/03/2015,26,14,20,10,2,2
13/03/2015,36,14,20,14,2,1
14/03/2015,23,22,24,3,1,3
15/03/2015,46,24,24,7,1,3
16/03/2015,33,26,17,7,2,1
17/03/2015,58,46,8,18,2,3
18/03/2015,109,48,16,16,2,9
19/03/2015,119,31,16,13,2,9
20/03/2015,73,15,21,11,2,8
21/03/2015,29,17,25,9,1,7
22/03/2015,19,20,25,3,1,7
23/03/2015,44,12,21,10,1,5
24/03/2015,19,11,20,12,2,3
25/03/2015,17,13,21,12,1,3
26/03/2015,25,12,20,9,2,3
27/03/2015,24,13,26,9,1,3
28/03/2015,15,9,26,3,1,1
29/03/2015,5,9,25,8,1,2
30/03/2015,14,9,25,9,2,2
31/03/2015,14,12,24,10,1,2
12/12/2014,27,7,22,8,3,3
13/12/2014,28,8,22,8,3,3
14/12/2014,28,7,22,8,3,3
15/12/2014,26,8,17,13,3,3
16/12/2014,27,8,19,18,2,1
17/12/2014,31,5,19,14,2,3
18/12/2014,20,4,20,9,2,3
19/12/2014,25,9,23,12,2,1
20/12/2014,29,8,21,13,2,1
21/12/2014,31,3,22,3,2,3
22/12/2014,24,13,22,10,2,3
23/12/2014,18,7,23,13,2,3
24/12/2014,16,7,21,9,3,3
01/07/2014,30,12,30,4,1,3
02/07/2014,38,14,22,4,1,3
03/07/2014,33,5,15,4,3,3
04/07/2014,20,10,18,9,2,3
05/07/2014,26,7,18,5,1,3
06/07/2014,24,8,19,6,1,3
07/07/2014,22,9,21,11,2,3
08/07/2014,33,11,20,9,3,3
09/07/2014,37,13,23,8,2,3
10/07/2014,34,17,20,11,3,3
11/07/2014,55,10,13,11,2,3
12/07/2014,39,5,15,6,3,3
13/07/2014,17,5,16,6,3,3
14/07/2014,18,9,14,7,3,3
15/07/2014,23,7,15,6,3,3
16/07/2014,26,9,20,6,3,3
17/07/2014,27,13,19,4,3,3
18/07/2014,35,18,20,6,3,3
19/07/2014,40,12,22,8,3,3
20/07/2014,39,8,21,7,3,3
21/07/2014,22,13,24,10,4,3
22/07/2014,39,12,24,5,4,3
23/07/2014,38,12,27,5,4,1
24/07/2014,43,15,28,9,4,2
25/07/2014,53,13,23,11,4,2
26/07/2014,50,5,17,5,4,2
27/07/2014,18,9,22,9,5,2
28/07/2014,32,8,15,8,5,2
29/07/2014,20,9,17,6,2,1
30/07/2014,27,8,18,8,1,3
31/07/2014,28,11,19,9,1,3
01/08/2014,37,14,23,6,1,3
02/08/2014,46,8,20,5,2,3
03/08/2014,22,9,16,6,2,3
04/08/2014,24,14,18,10,2,3
05/08/2014,37,14,14,11,2,2
06/08/2014,47,12,17,8,2,3
07/08/2014,24,10,18,10,2,3
11/08/2014,23,6,18,6,3,3
12/08/2014,20,8,15,12,3,3
13/08/2014,29,11,14,10,3,3
14/08/2014,28,8,15,11,4,3
15/08/2014,31,6,19,6,3,3
16/08/2014,27,7,18,3,3,3
17/08/2014,30,6,18,6,3,4
18/08/2014,17,10,22,8,3,3
21/08/2014,28,7,16,15,3,3
22/08/2014,27,7,12,15,3,3
23/08/2014,33,6,22,8,3,3
24/08/2014,29,15,24,4,3,3
25/08/2014,39,11,25,3,3,3
26/08/2014,28,22,24,7,3,3
27/08/2014,44,10,21,4,3,3
28/08/2014,37,6,20,3,3,3
29/08/2014,24,8,20,7,3,3
30/08/2014,28,6,21,4,3,3
31/08/2014,28,14,15,9,10,3
01/09/2014,40,13,16,9,4,3
02/09/2014,41,25,10,15,4,1
03/09/2014,64,27,13,16,5,1
04/09/2014,72,17,17,14,4,3
05/09/2014,54,10,15,10,8,3
06/09/2014,38,8,18,8,8,1
07/09/2014,34,13,16,13,7,1
08/09/2014,46,15,11,13,9,1
09/09/2014,52,21,19,11,6,1
10/09/2014,62,29,15,12,6,1
11/09/2014,82,37,13,6,5,3
12/09/2014,102,10,22,8,3,3
01/04/2014,35,26,34,6,3,1
02/04/2014,72,38,26,7,4,1
03/04/2014,102,28,28,15,4,1
04/04/2014,84,5,24,8,4,3
05/04/2014,20,4,30,2,3,3
06/04/2014,15,10,25,13,5,1
07/04/2014,30,7,31,8,4,1
08/04/2014,22,10,29,6,3,1
09/04/2014,29,10,31,9,1,1
10/04/2014,25,6,29,7,1,1
11/04/2014,18,9,33,4,1,1
12/04/2014,24,9,33,5,2,1
13/04/2014,26,8,29,9,3,1
14/04/2014,20,13,33,8,2,1
15/04/2014,40,21,35,5,2,1
16/04/2014,56,11,33,7,3,1
17/04/2014,28,17,28,13,3,2
18/04/2014,36,16,32,11,3,1
19/04/2014,44,12,37,4,2,1
20/04/2014,39,27,40,3,3,1
21/04/2014,61,27,35,6,3,3
22/04/2014,63,26,20,11,3,3
23/04/2014,77,8,31,7,3,3
24/04/2014,28,9,29,5,3,1
25/04/2014,37,13,32,5,4,3
26/04/2014,49,20,33,4,4,3
27/04/2014,56,32,34,10,4,1
28/04/2014,67,18,28,12,4,1
29/04/2014,57,12,35,5,4,3
30/04/2014,45,10,36,3,4,3
01/05/2014,19,10,32,4,2,3
02/05/2014,22,15,26,9,3,3
03/05/2014,41,8,25,8,1,3
04/05/2014,36,17,33,8,3,3
05/05/2014,50,9,29,5,3,3
06/05/2014,28,5,29,5,3,3
07/05/2014,17,5,25,8,1,3
08/05/2014,20,6,29,7,1,3
09/05/2014,22,4,30,4,1,3
10/05/2014,15,6,31,7,1,3
11/05/2014,24,12,32,5,2,3
12/05/2014,29,11,29,14,3,1
13/05/2014,32,11,24,10,2,3
14/05/2014,38,9,23,8,2,3
15/05/2014,31,11,30,7,2,3
16/05/2014,35,9,33,2,3,3
17/05/2014,29,12,40,2,2,3
18/05/2014,42,27,36,6,3,3
19/05/2014,66,22,32,5,3,3
20/05/2014,56,10,32,9,3,3
21/05/2014,36,6,29,5,3,3
22/05/2014,17,5,25,3,3,3
23/05/2014,16,6,29,2,3,3
24/05/2014,19,12,33,5,3,3
25/05/2014,38,12,25,7,4,3
26/05/2014,42,16,28,7,4,3
27/05/2014,48,19,27,3,4,3
28/05/2014,41,18,34,3,2,3
29/05/2014,43,17,33,8,1,3
30/05/2014,50,17,31,9,2,3
31/05/2014,53,11,27,4,1,3
01/06/2014,43,4,21,4,1,3
02/06/2014,17,8,23,9,1,3
03/06/2014,27,10,22,8,1,3
04/06/2014,32,8,29,10,1,3
05/06/2014,28,7,27,5,2,3
06/06/2014,25,13,31,5,2,3
07/06/2014,39,10,29,1,2,3
08/06/2014,28,16,26,9,2,1
09/06/2014,43,12,20,10,2,1
10/06/2014,43,9,25,7,2,1
11/06/2014,31,11,22,9,2,1
12/06/2014,35,14,15,13,3,1
13/06/2014,47,8,21,5,3,3
14/06/2014,30,6,20,2,3,3
15/06/2014,23,8,24,5,3,3
16/06/2014,31,11,19,6,4,3
17/06/2014,31,12,18,8,4,3
18/06/2014,45,6,19,4,3,3
19/06/2014,22,6,4,7,1,3
20/06/2014,23,8,3,8,2,3
21/06/2014,28,8,4,7,4,3
22/06/2014,30,9,3,8,2,3
23/06/2014,31,6,18,6,1,3
24/06/2014,24,8,19,4,1,3
25/06/2014,23,7,24,3,3,3
26/06/2014,22,11,23,4,3,3
27/06/2014,21,9,22,3,3,3
28/06/2014,23,6,21,3,3,3
29/06/2014,20,8,21,6,1,1
30/06/2014,25,10,21,5,1,3
02/01/2014,27,8,26,5,2,3
03/01/2014,24,11,34,2,3,3
04/01/2014,29,13,27,12,3,3
05/01/2014,30,8,25,7,3,3
06/01/2014,23,15,32,2,3,3
07/01/2014,34,10,27,4,3,3
08/01/2014,21,11,26,7,3,3
09/01/2014,25,13,17,17,4,1
10/01/2014,33,8,22,11,5,3
11/01/2014,20,12,15,11,3,3
12/01/2014,32,12,15,11,8,3
13/01/2014,30,13,22,11,5,1
14/01/2014,29,16,14,17,1,2
15/01/2014,51,11,17,10,1,1
16/01/2014,26,17,10,17,1,2
17/01/2014,41,23,9,17,2,2
18/01/2014,63,13,17,7,1,1
19/01/2014,46,18,16,7,1,2
20/01/2014,41,10,20,13,2,2
21/01/2014,27,14,17,10,2,2
22/01/2014,38,11,18,10,2,2
23/01/2014,30,12,24,14,2,2
24/01/2014,30,12,17,11,2,2
25/01/2014,29,19,30,7,2,1
26/01/2014,38,12,28,2,2,1
27/01/2014,22,12,26,11,2,2
28/01/2014,34,15,21,8,3,2
29/01/2014,37,17,24,5,2,2
30/01/2014,38,32,18,8,3,3
31/01/2014,69,12,10,11,3,3
01/02/2014,38,10,30,5,2,1
02/02/2014,22,12,29,2,3,1
03/02/2014,27,18,22,8,3,2
04/02/2014,40,11,19,10,3,2
05/02/2014,30,3,22,9,3,1
06/02/2014,18,10,21,10,3,1
08/02/2014,40,9,25,8,3,1
09/02/2014,33,10,29,3,3,3
10/02/2014,32,12,25,8,3,3
11/02/2014,28,11,25,8,2,1
12/02/2014,28,11,26,11,2,1
13/02/2014,24,7,29,5,1,3
14/02/2014,18,11,25,10,2,1
15/02/2014,24,9,17,17,3,1
16/02/2014,30,15,22,14,2,1
17/02/2014,32,19,15,14,2,1
18/02/2014,50,19,2,25,3,1
19/02/2014,57,5,17,14,1,1
20/02/2014,41,4,30,6,3,3
21/02/2014,21,3,28,3,3,3
22/02/2014,25,10,30,3,3,3
23/02/2014,25,10,35,1,3,3
24/02/2014,24,10,27,12,3,3
25/02/2014,19,8,32,5,3,3
26/02/2014,23,9,29,5,3,3
27/02/2014,26,9,29,12,1,3
28/02/2014,22,10,26,15,1,3
01/03/2014,27,9,29,7,1,3
02/03/2014,24,6,31,8,1,3
03/03/2014,23,8,25,20,1,3
04/03/2014,23,10,28,6,3,2
05/03/2014,25,9,28,5,3,1
06/03/2014,25,2,26,5,3,1
07/03/2014,25,10,27,8,1,1
08/03/2014,27,13,34,5,1,1
09/03/2014,54,6,25,11,1,1
10/03/2014,33,14,22,16,1,2
11/03/2014,37,23,15,12,3,3
12/03/2014,56,26,19,9,3,3
13/03/2014,67,18,19,1,1,1
14/03/2014,58,16,26,2,1,1
15/03/2014,44,11,31,8,3,1
16/03/2014,34,10,22,8,3,3
18/03/2014,32,8,30,6,2,3
19/03/2014,26,15,31,4,2,3
20/03/2014,37,6,34,5,2,1
21/03/2014,20,7,32,4,2,1
22/03/2014,23,7,31,4,3,1
23/03/2014,18,6,29,11,3,1
24/03/2014,18,15,27,12,3,2
25/03/2014,36,18,20,12,3,1
26/03/2014,54,18,34,7,3,3
27/03/2014,33,18,32,4,3,1
28/03/2014,41,16,33,4,3,1
29/03/2014,37,34,31,4,3,1
30/03/2014,111,30,35,7,3,1
31/03/2014,80,14,33,8,3,1
01/01/2020,26,17,14,3,2,3
31/01/2020,26,5,24,2,2,3
11/07/2019,26,11,19,7,5,1
19/07/2019,26,5,12,8,8,3
31/08/2019,26,5,17,7,5,3
01/01/2019,26,12,22,12,3,3
16/01/2019,26,8,18,14,2,3
17/07/2018,26,8,22,8,3,3
23/07/2018,26,5,18,4,1,3
01/01/2018,26,5,16,11,7,9
15/01/2018,26,4,23,9,8,6
28/01/2018,26,12,28,5,1,1
29/01/2018,26,10,28,10,2,1
30/01/2018,26,5,29,2,2,1
03/03/2018,26,8,29,2,6,4
07/03/2018,26,7,26,10,13,6
12/03/2018,26,5,18,3,3,1
23/11/2017,26,8,10,18,1,6
27/12/2017,26,7,7,20,6,8
31/07/2017,26,7,18,6,8,9
09/09/2017,26,6,19,8,9,7
10/09/2017,26,6,17,6,8,7
10/02/2017,26,17,24,11,1,2
01/03/2017,26,4,19,18,7,3
16/07/2016,26,10,18,3,6,3
23/07/2016,26,10,14,4,7,3
11/08/2016,26,6,14,3,5,3
18/04/2016,26,19,15,15,10,5
19/06/2016,26,10,22,8,3,3
04/01/2016,26,7,16,4,7,3
29/01/2016,26,15,24,4,5,3
11/02/2016,26,7,14,28,4,3
18/10/2015,26,12,13,13,3,2
29/12/2015,26,7,20,5,5,3
03/08/2015,26,12,26,2,2,3
04/08/2015,26,13,23,4,2,3
05/08/2015,26,12,21,7,2,3
06/08/2015,26,14,21,9,2,3
07/08/2015,26,13,25,4,2,2
08/08/2015,26,10,19,1,2,2
09/08/2015,26,11,19,4,3,3
10/08/2015,26,11,17,9,3,3
11/08/2015,26,13,20,9,4,3
02/09/2015,26,5,13,12,3,2
12/09/2015,26,5,21,5,1,3
13/09/2015,26,10,18,11,2,3
14/09/2015,26,12,16,13,3,4
12/05/2015,26,10,22,5,1,1
01/01/2015,26,4,25,2,2,3
30/01/2015,26,8,12,20,3,3
01/02/2015,26,12,21,13,3,1
02/02/2015,26,15,9,28,5,1
11/12/2014,26,9,22,8,3,3
25/12/2014,26,13,15,18,5,3
26/12/2014,26,17,1,23,4,3
27/12/2014,26,8,9,22,3,1
28/12/2014,26,7,9,23,3,2
10/08/2014,26,9,17,7,3,3
20/08/2014,26,5,15,11,2,3
01/01/2014,26,8,24,6,2,3
07/02/2014,26,14,18,16,3,1
17/03/2014,26,11,26,6,2,3
10/07/2019,26,10,19,6,5,3
12/01/2019,26,10,24,8,7,3
13/01/2019,26,10,27,7,8,3
14/01/2019,26,10,21,14,7,4
12/07/2018,26,10,18,9,1,3
13/07/2018,26,10,28,2,2,3
14/07/2018,26,10,25,2,2,3
15/07/2018,26,10,25,5,2,3
16/07/2018,26,10,16,7,2,1
20/07/2018,26,10,18,3,1,3
21/07/2018,26,10,13,2,1,3
22/07/2018,26,10,18,3,1,3
13/01/2018,26,10,12,8,9,10
14/01/2018,26,10,18,3,10,11
28/07/2017,26,10,20,3,8,8
29/07/2017,26,10,21,2,8,8
30/07/2017,26,10,19,3,8,8
09/02/2017,26,10,21,9,1,2
27/02/2017,26,10,22,11,4,3
08/03/2017,26,10,25,5,2,3
09/03/2017,26,10,17,8,3,3
15/07/2016,26,10,23,4,6,3
22/07/2016,26,10,15,3,7,3
10/08/2016,26,10,11,7,5,3
31/07/2015,26,10,21,2,1,2
01/08/2015,26,10,21,4,2,2
02/08/2015,26,10,26,2,2,2
29/01/2015,26,10,19,16,2,3
08/08/2014,26,10,7,13,2,3
