,Timestamps
0,1585674000.0
1,1585652400.0
2,1585630800.0
3,1585609200.0
4,1585587600.0
5,1585566000.0
6,1585544400.0
7,1585522800.0
8,1585501200.0
9,1585479600.0
10,1585458000.0
11,1585440000.0
12,1585418400.0
13,1585396800.0
14,1585375200.0
15,1585353600.0
16,1585332000.0
17,1585310400.0
18,1585288800.0
19,1585267200.0
20,1585245600.0
21,1585224000.0
22,1585202400.0
23,1585180800.0
24,1585159200.0
25,1585137600.0
26,1585116000.0
27,1585094400.0
28,1585072800.0
29,1585051200.0
30,1585029600.0
31,1585008000.0
32,1584986400.0
33,1584964800.0
34,1584943200.0
35,1584921600.0
36,1584900000.0
37,1584878400.0
38,1584856800.0
39,1584835200.0
40,1584813600.0
41,1584792000.0
42,1584770400.0
43,1584748800.0
44,1584727200.0
45,1584705600.0
46,1584684000.0
47,1584662400.0
48,1584640800.0
49,1584619200.0
50,1584597600.0
51,1584576000.0
52,1584554400.0
53,1584532800.0
54,1584511200.0
55,1584489600.0
56,1584468000.0
57,1584446400.0
58,1584424800.0
59,1584403200.0
60,1584381600.0
61,1584360000.0
62,1584338400.0
63,1584316800.0
64,1584295200.0
65,1584273600.0
66,1584252000.0
67,1584230400.0
68,1584208800.0
69,1584187200.0
70,1584165600.0
71,1584144000.0
72,1584122400.0
73,1584100800.0
74,1584079200.0
75,1584057600.0
76,1584036000.0
77,1584014400.0
78,1583992800.0
79,1583971200.0
80,1583949600.0
81,1583928000.0
82,1583906400.0
83,1583884800.0
84,1583863200.0
85,1583841600.0
86,1583820000.0
87,1583798400.0
88,1583776800.0
89,1583755200.0
90,1583733600.0
91,1583712000.0
92,1583690400.0
93,1583668800.0
94,1583647200.0
95,1583625600.0
96,1583604000.0
97,1583582400.0
98,1583560800.0
99,1583539200.0
100,1583517600.0
101,1583496000.0
102,1583474400.0
103,1583452800.0
104,1583431200.0
105,1583409600.0
106,1583388000.0
107,1583366400.0
108,1583344800.0
109,1583323200.0
110,1583301600.0
111,1583280000.0
112,1583258400.0
113,1583236800.0
114,1583215200.0
115,1583193600.0
116,1583172000.0
117,1583150400.0
118,1583128800.0
119,1583107200.0
120,1583085600.0
121,1583064000.0
122,1583042400.0
123,1583020800.0
124,1582999200.0
125,1582977600.0
126,1582956000.0
127,1582934400.0
128,1582912800.0
129,1582891200.0
130,1582869600.0
131,1582848000.0
132,1582826400.0
133,1582804800.0
134,1582783200.0
135,1582761600.0
136,1582740000.0
137,1582718400.0
138,1582696800.0
139,1582675200.0
140,1582653600.0
141,1582632000.0
142,1582610400.0
143,1582588800.0
144,1582567200.0
145,1582545600.0
146,1582524000.0
147,1582502400.0
148,1582480800.0
149,1582459200.0
150,1582437600.0
151,1582416000.0
152,1582394400.0
153,1582372800.0
154,1582351200.0
155,1582329600.0
156,1582308000.0
157,1582286400.0
158,1582264800.0
159,1582243200.0
160,1582221600.0
161,1582200000.0
162,1582178400.0
163,1582156800.0
164,1582135200.0
165,1582113600.0
166,1582092000.0
167,1582070400.0
168,1582048800.0
169,1582027200.0
170,1582005600.0
171,1581984000.0
172,1581962400.0
173,1581940800.0
174,1581919200.0
175,1581897600.0
176,1581876000.0
177,1581854400.0
178,1581832800.0
179,1581811200.0
180,1581789600.0
181,1581768000.0
182,1581746400.0
183,1581724800.0
184,1581703200.0
185,1581681600.0
186,1581660000.0
187,1581638400.0
188,1581616800.0
189,1581595200.0
190,1581573600.0
191,1581552000.0
192,1581530400.0
193,1581508800.0
194,1581487200.0
195,1581465600.0
196,1581444000.0
197,1581422400.0
198,1581400800.0
199,1581379200.0
200,1581357600.0
201,1581336000.0
202,1581314400.0
203,1581292800.0
204,1581271200.0
205,1581249600.0
206,1581228000.0
207,1581206400.0
208,1581184800.0
209,1581163200.0
210,1581141600.0
211,1581120000.0
212,1581098400.0
213,1581076800.0
214,1581055200.0
215,1581033600.0
216,1581012000.0
217,1580990400.0
218,1580968800.0
219,1580947200.0
220,1580925600.0
221,1580904000.0
222,1580882400.0
223,1580860800.0
224,1580839200.0
225,1580817600.0
226,1580796000.0
227,1580774400.0
228,1580752800.0
229,1580731200.0
230,1580709600.0
231,1580688000.0
232,1580666400.0
233,1580644800.0
234,1580623200.0
235,1580601600.0
236,1580580000.0
237,1580558400.0
238,1580536800.0
239,1580515200.0
240,1580493600.0
241,1580472000.0
242,1580450400.0
243,1580428800.0
244,1580407200.0
245,1580385600.0
246,1580364000.0
247,1580342400.0
248,1580320800.0
249,1580299200.0
250,1580277600.0
251,1580256000.0
252,1580234400.0
253,1580212800.0
254,1580191200.0
255,1580169600.0
256,1580148000.0
257,1580126400.0
258,1580104800.0
259,1580083200.0
260,1580061600.0
261,1580040000.0
262,1580018400.0
263,1579996800.0
264,1579975200.0
265,1579953600.0
266,1579932000.0
267,1579910400.0
268,1579888800.0
269,1579867200.0
270,1579845600.0
271,1579824000.0
272,1579802400.0
273,1579780800.0
274,1579759200.0
275,1579737600.0
276,1579716000.0
277,1579694400.0
278,1579672800.0
279,1579651200.0
280,1579629600.0
281,1579608000.0
282,1579586400.0
283,1579564800.0
284,1579543200.0
285,1579521600.0
286,1579500000.0
287,1579478400.0
288,1579456800.0
289,1579435200.0
290,1579413600.0
291,1579392000.0
292,1579370400.0
293,1579348800.0
294,1579327200.0
295,1579305600.0
296,1579284000.0
297,1579262400.0
298,1579240800.0
299,1579219200.0
300,1579197600.0
301,1579176000.0
302,1579154400.0
303,1579132800.0
304,1579111200.0
305,1579089600.0
306,1579068000.0
307,1579046400.0
308,1579024800.0
309,1579003200.0
310,1578981600.0
311,1578960000.0
312,1578938400.0
313,1578916800.0
314,1578895200.0
315,1578873600.0
316,1578852000.0
317,1578830400.0
318,1578808800.0
319,1578787200.0
320,1578765600.0
321,1578744000.0
322,1578722400.0
323,1578700800.0
324,1578679200.0
325,1578657600.0
326,1578636000.0
327,1578614400.0
328,1578592800.0
329,1578571200.0
330,1578549600.0
331,1578528000.0
332,1578506400.0
333,1578484800.0
334,1578463200.0
335,1578441600.0
336,1578420000.0
337,1578398400.0
338,1578376800.0
339,1578355200.0
340,1578333600.0
341,1578312000.0
342,1578290400.0
343,1578268800.0
344,1578247200.0
345,1578225600.0
346,1578204000.0
347,1578182400.0
348,1578160800.0
349,1578139200.0
350,1578117600.0
351,1578096000.0
352,1578074400.0
353,1578052800.0
354,1578031200.0
355,1578009600.0
356,1577988000.0
357,1577966400.0
358,1577944800.0
359,1577923200.0
360,1577901600.0
361,1577880000.0
362,1577858400.0
363,1577836800.0
364,1577815200.0
365,1577793600.0
366,1577772000.0
367,1577750400.0
368,1577728800.0
369,1577707200.0
370,1577685600.0
371,1577664000.0
372,1577642400.0
373,1577620800.0
374,1577599200.0
375,1577577600.0
376,1577556000.0
377,1577534400.0
378,1577512800.0
379,1577491200.0
380,1577469600.0
381,1577448000.0
382,1577426400.0
383,1577404800.0
384,1577383200.0
385,1577361600.0
386,1577340000.0
387,1577318400.0
388,1577296800.0
389,1577275200.0
390,1577253600.0
391,1577232000.0
392,1577210400.0
393,1577188800.0
394,1577167200.0
395,1577145600.0
396,1577124000.0
397,1577102400.0
398,1577080800.0
399,1577059200.0
400,1577037600.0
401,1577016000.0
402,1576994400.0
403,1576972800.0
404,1576951200.0
405,1576929600.0
406,1576908000.0
407,1576886400.0
408,1576864800.0
409,1576843200.0
410,1576821600.0
411,1576800000.0
412,1576778400.0
413,1576756800.0
414,1576735200.0
415,1576713600.0
416,1576692000.0
417,1576670400.0
418,1576648800.0
419,1576627200.0
420,1576605600.0
421,1576584000.0
422,1576562400.0
423,1576540800.0
424,1576519200.0
425,1576497600.0
426,1576476000.0
427,1576454400.0
428,1576432800.0
429,1576411200.0
430,1576389600.0
431,1576368000.0
432,1576346400.0
433,1576324800.0
434,1576303200.0
435,1576281600.0
436,1576260000.0
437,1576238400.0
438,1576216800.0
439,1576195200.0
440,1576173600.0
441,1576152000.0
442,1576130400.0
443,1576108800.0
444,1576087200.0
445,1576065600.0
446,1576044000.0
447,1576022400.0
448,1576000800.0
449,1575979200.0
450,1575957600.0
451,1575936000.0
452,1575914400.0
453,1575892800.0
454,1575871200.0
455,1575849600.0
456,1575828000.0
457,1575806400.0
458,1575784800.0
459,1575763200.0
460,1575741600.0
461,1575720000.0
462,1575698400.0
463,1575676800.0
464,1575655200.0
465,1575633600.0
466,1575612000.0
467,1575590400.0
468,1575568800.0
469,1575547200.0
470,1575525600.0
471,1575504000.0
472,1575482400.0
473,1575460800.0
474,1575439200.0
475,1575417600.0
476,1575396000.0
477,1575374400.0
478,1575352800.0
479,1575331200.0
480,1575309600.0
481,1575288000.0
482,1575266400.0
483,1575244800.0
484,1575223200.0
485,1575201600.0
486,1575180000.0
487,1575158400.0
488,1575136800.0
489,1575115200.0
490,1575093600.0
491,1575072000.0
492,1575050400.0
493,1575028800.0
494,1575007200.0
495,1574985600.0
496,1574964000.0
497,1574942400.0
498,1574920800.0
499,1574899200.0
500,1574877600.0
501,1574856000.0
502,1574834400.0
503,1574812800.0
504,1574791200.0
505,1574769600.0
506,1574748000.0
507,1574726400.0
508,1574704800.0
509,1574683200.0
510,1574661600.0
511,1574640000.0
512,1574618400.0
513,1574596800.0
514,1574575200.0
515,1574553600.0
516,1574532000.0
517,1574510400.0
518,1574488800.0
519,1574467200.0
520,1574445600.0
521,1574424000.0
522,1574402400.0
523,1574380800.0
524,1574359200.0
525,1574337600.0
526,1574316000.0
527,1574294400.0
528,1574272800.0
529,1574251200.0
530,1574229600.0
531,1574208000.0
532,1574186400.0
533,1574164800.0
534,1574143200.0
535,1574121600.0
536,1574100000.0
537,1574078400.0
538,1574056800.0
539,1574035200.0
540,1574013600.0
541,1573992000.0
542,1573970400.0
543,1573948800.0
544,1573927200.0
545,1573905600.0
546,1573884000.0
547,1573862400.0
548,1573840800.0
549,1573819200.0
550,1573797600.0
551,1573776000.0
552,1573754400.0
553,1573732800.0
554,1573711200.0
555,1573689600.0
556,1573668000.0
557,1573646400.0
558,1573624800.0
559,1573603200.0
560,1573581600.0
561,1573560000.0
562,1573538400.0
563,1573516800.0
564,1573495200.0
565,1573473600.0
566,1573452000.0
567,1573430400.0
568,1573408800.0
569,1573387200.0
570,1573365600.0
571,1573344000.0
572,1573322400.0
573,1573300800.0
574,1573279200.0
575,1573257600.0
576,1573236000.0
577,1573214400.0
578,1573192800.0
579,1573171200.0
580,1573149600.0
581,1573128000.0
582,1573106400.0
583,1573084800.0
584,1573063200.0
585,1573041600.0
586,1573020000.0
587,1572998400.0
588,1572976800.0
589,1572955200.0
590,1572933600.0
591,1572912000.0
592,1572890400.0
593,1572868800.0
594,1572847200.0
595,1572825600.0
596,1572804000.0
597,1572782400.0
598,1572760800.0
599,1572739200.0
600,1572717600.0
601,1572696000.0
602,1572674400.0
603,1572652800.0
604,1572631200.0
605,1572609600.0
606,1572588000.0
607,1572566400.0
608,1572544800.0
609,1572523200.0
610,1572501600.0
611,1572480000.0
612,1572458400.0
613,1572436800.0
614,1572415200.0
615,1572393600.0
616,1572372000.0
617,1572350400.0
618,1572328800.0
619,1572307200.0
620,1572285600.0
621,1572264000.0
622,1572242400.0
623,1572220800.0
624,1572199200.0
625,1572177600.0
626,1572156000.0
627,1572130800.0
628,1572109200.0
629,1572087600.0
630,1572066000.0
631,1572044400.0
632,1572022800.0
633,1572001200.0
634,1571979600.0
635,1571958000.0
636,1571936400.0
637,1571914800.0
638,1571893200.0
639,1571871600.0
640,1571850000.0
641,1571828400.0
642,1571806800.0
643,1571785200.0
644,1571763600.0
645,1571742000.0
646,1571720400.0
647,1571698800.0
648,1571677200.0
649,1571655600.0
650,1571634000.0
651,1571612400.0
652,1571590800.0
653,1571569200.0
654,1571547600.0
655,1571526000.0
656,1571504400.0
657,1571482800.0
658,1571461200.0
659,1571439600.0
660,1571418000.0
661,1571396400.0
662,1571374800.0
663,1571353200.0
664,1571331600.0
665,1571310000.0
666,1571288400.0
667,1571266800.0
668,1571245200.0
669,1571223600.0
670,1571202000.0
671,1571180400.0
672,1571158800.0
673,1571137200.0
674,1571115600.0
675,1571094000.0
676,1571072400.0
677,1571050800.0
678,1571029200.0
679,1571007600.0
680,1570986000.0
681,1570964400.0
682,1570942800.0
683,1570921200.0
684,1570899600.0
685,1570878000.0
686,1570856400.0
687,1570834800.0
688,1570813200.0
689,1570791600.0
690,1570770000.0
691,1570748400.0
692,1570726800.0
693,1570705200.0
694,1570683600.0
695,1570662000.0
696,1570640400.0
697,1570618800.0
698,1570597200.0
699,1570575600.0
700,1570554000.0
701,1570532400.0
702,1570510800.0
703,1570489200.0
704,1570467600.0
705,1570446000.0
706,1570424400.0
707,1570402800.0
708,1570381200.0
709,1570359600.0
710,1570338000.0
711,1570316400.0
712,1570294800.0
713,1570273200.0
714,1570251600.0
715,1570230000.0
716,1570208400.0
717,1570186800.0
718,1570165200.0
719,1570143600.0
720,1570122000.0
721,1570100400.0
722,1570078800.0
723,1570057200.0
724,1570035600.0
725,1570014000.0
726,1569992400.0
727,1569970800.0
728,1569949200.0
729,1569927600.0
730,1569906000.0
731,1569884400.0
732,1569862800.0
733,1569841200.0
734,1569819600.0
735,1569798000.0
736,1569776400.0
737,1569754800.0
738,1569733200.0
739,1569711600.0
740,1569690000.0
741,1569668400.0
742,1569646800.0
743,1569625200.0
744,1569603600.0
745,1569582000.0
746,1569560400.0
747,1569538800.0
748,1569517200.0
749,1569495600.0
750,1569474000.0
751,1569452400.0
752,1569430800.0
753,1569409200.0
754,1569387600.0
755,1569366000.0
756,1569344400.0
757,1569322800.0
758,1569301200.0
759,1569279600.0
760,1569258000.0
761,1569236400.0
762,1569214800.0
763,1569193200.0
764,1569171600.0
765,1569150000.0
766,1569128400.0
767,1569106800.0
768,1569085200.0
769,1569063600.0
770,1569042000.0
771,1569020400.0
772,1568998800.0
773,1568977200.0
774,1568955600.0
775,1568934000.0
776,1568912400.0
777,1568890800.0
778,1568869200.0
779,1568847600.0
780,1568826000.0
781,1568804400.0
782,1568782800.0
783,1568761200.0
784,1568739600.0
785,1568718000.0
786,1568696400.0
787,1568674800.0
788,1568653200.0
789,1568631600.0
790,1568610000.0
791,1568588400.0
792,1568566800.0
793,1568545200.0
794,1568523600.0
795,1568502000.0
796,1568480400.0
797,1568458800.0
798,1568437200.0
799,1568415600.0
800,1568394000.0
801,1568372400.0
802,1568350800.0
803,1568329200.0
804,1568307600.0
805,1568286000.0
806,1568264400.0
807,1568242800.0
808,1568221200.0
809,1568199600.0
810,1568178000.0
811,1568156400.0
812,1568134800.0
813,1568113200.0
814,1568091600.0
815,1568070000.0
816,1568048400.0
817,1568026800.0
818,1568005200.0
819,1567983600.0
820,1567962000.0
821,1567940400.0
822,1567918800.0
823,1567897200.0
824,1567875600.0
825,1567854000.0
826,1567832400.0
827,1567810800.0
828,1567789200.0
829,1567767600.0
830,1567746000.0
831,1567724400.0
832,1567702800.0
833,1567681200.0
834,1567659600.0
835,1567638000.0
836,1567616400.0
837,1567594800.0
838,1567573200.0
839,1567551600.0
840,1567530000.0
841,1567508400.0
842,1567486800.0
843,1567465200.0
844,1567443600.0
845,1567422000.0
846,1567400400.0
847,1567378800.0
848,1567357200.0
849,1567335600.0
850,1567314000.0
851,1567292400.0
852,1567270800.0
853,1567249200.0
854,1567227600.0
855,1567206000.0
856,1567184400.0
857,1567162800.0
858,1567141200.0
859,1567119600.0
860,1567098000.0
861,1567076400.0
862,1567054800.0
863,1567033200.0
864,1567011600.0
865,1566990000.0
866,1566968400.0
867,1566946800.0
868,1566925200.0
869,1566903600.0
870,1566882000.0
871,1566860400.0
872,1566838800.0
873,1566817200.0
874,1566795600.0
875,1566774000.0
876,1566752400.0
877,1566730800.0
878,1566709200.0
879,1566687600.0
880,1566666000.0
881,1566644400.0
882,1566622800.0
883,1566601200.0
884,1566579600.0
885,1566558000.0
886,1566536400.0
887,1566514800.0
888,1566493200.0
889,1566471600.0
890,1566450000.0
891,1566428400.0
892,1566406800.0
893,1566385200.0
894,1566363600.0
895,1566342000.0
896,1566320400.0
897,1566298800.0
898,1566277200.0
899,1566255600.0
900,1566234000.0
901,1566212400.0
902,1566190800.0
903,1566169200.0
904,1566147600.0
905,1566126000.0
906,1566104400.0
907,1566082800.0
908,1566061200.0
909,1566039600.0
910,1566018000.0
911,1565996400.0
912,1565974800.0
913,1565953200.0
914,1565931600.0
915,1565910000.0
916,1565888400.0
917,1565866800.0
918,1565845200.0
919,1565823600.0
920,1565802000.0
921,1565780400.0
922,1565758800.0
923,1565737200.0
924,1565715600.0
925,1565694000.0
926,1565672400.0
927,1565650800.0
928,1565629200.0
929,1565607600.0
930,1565586000.0
931,1565564400.0
932,1565542800.0
933,1565521200.0
934,1565499600.0
935,1565478000.0
936,1565456400.0
937,1565434800.0
938,1565413200.0
939,1565391600.0
940,1565370000.0
941,1565348400.0
942,1565326800.0
943,1565305200.0
944,1565283600.0
945,1565262000.0
946,1565240400.0
947,1565218800.0
948,1565197200.0
949,1565175600.0
950,1565154000.0
951,1565132400.0
952,1565110800.0
953,1565089200.0
954,1565067600.0
955,1565046000.0
956,1565024400.0
957,1565002800.0
958,1564981200.0
959,1564959600.0
960,1564938000.0
961,1564916400.0
962,1564894800.0
963,1564873200.0
964,1564851600.0
965,1564830000.0
966,1564808400.0
967,1564786800.0
968,1564765200.0
969,1564743600.0
970,1564722000.0
971,1564700400.0
972,1564678800.0
973,1564657200.0
974,1564635600.0
975,1564614000.0
976,1564592400.0
977,1564570800.0
978,1564549200.0
979,1564527600.0
980,1564506000.0
981,1564484400.0
982,1564462800.0
983,1564441200.0
984,1564419600.0
985,1564398000.0
986,1564376400.0
987,1564354800.0
988,1564333200.0
989,1564311600.0
990,1564290000.0
991,1564268400.0
992,1564246800.0
993,1564225200.0
994,1564203600.0
995,1564182000.0
996,1564160400.0
997,1564138800.0
998,1564117200.0
999,1564095600.0
1000,1564074000.0
1001,1564052400.0
1002,1564030800.0
1003,1564009200.0
1004,1563987600.0
1005,1563966000.0
1006,1563944400.0
1007,1563922800.0
1008,1563901200.0
1009,1563879600.0
1010,1563858000.0
1011,1563836400.0
1012,1563814800.0
1013,1563793200.0
1014,1563771600.0
1015,1563750000.0
1016,1563728400.0
1017,1563706800.0
1018,1563685200.0
1019,1563663600.0
1020,1563642000.0
1021,1563620400.0
1022,1563598800.0
1023,1563577200.0
1024,1563555600.0
1025,1563534000.0
1026,1563512400.0
1027,1563490800.0
1028,1563469200.0
1029,1563447600.0
1030,1563426000.0
1031,1563404400.0
1032,1563382800.0
1033,1563361200.0
1034,1563339600.0
1035,1563318000.0
1036,1563296400.0
1037,1563274800.0
1038,1563253200.0
1039,1563231600.0
1040,1563210000.0
1041,1563188400.0
1042,1563166800.0
1043,1563145200.0
1044,1563123600.0
1045,1563102000.0
1046,1563080400.0
1047,1563058800.0
1048,1563037200.0
1049,1563015600.0
1050,1562994000.0
1051,1562972400.0
1052,1562950800.0
1053,1562929200.0
1054,1562907600.0
1055,1562886000.0
1056,1562864400.0
1057,1562842800.0
1058,1562821200.0
1059,1562799600.0
1060,1562778000.0
1061,1562756400.0
1062,1562734800.0
1063,1562713200.0
1064,1562691600.0
1065,1562670000.0
1066,1562648400.0
1067,1562626800.0
1068,1562605200.0
1069,1562583600.0
1070,1562562000.0
1071,1562540400.0
1072,1562518800.0
1073,1562497200.0
1074,1562475600.0
1075,1562454000.0
1076,1562432400.0
1077,1562410800.0
1078,1562389200.0
1079,1562367600.0
1080,1562346000.0
1081,1562324400.0
1082,1562302800.0
1083,1562281200.0
1084,1562259600.0
1085,1562238000.0
1086,1562216400.0
1087,1562194800.0
1088,1562173200.0
1089,1562151600.0
1090,1562130000.0
1091,1562108400.0
1092,1562086800.0
1093,1562065200.0
1094,1562043600.0
1095,1562022000.0
1096,1562000400.0
1097,1561978800.0
1098,1561957200.0
1099,1561935600.0
1100,1561914000.0
1101,1561892400.0
1102,1561870800.0
1103,1561849200.0
1104,1561827600.0
1105,1561806000.0
1106,1561784400.0
1107,1561762800.0
1108,1561741200.0
1109,1561719600.0
1110,1561698000.0
1111,1561676400.0
1112,1561654800.0
1113,1561633200.0
1114,1561611600.0
1115,1561590000.0
1116,1561568400.0
1117,1561546800.0
1118,1561525200.0
1119,1561503600.0
1120,1561482000.0
1121,1561460400.0
1122,1561438800.0
1123,1561417200.0
1124,1561395600.0
1125,1561374000.0
1126,1561352400.0
1127,1561330800.0
1128,1561309200.0
1129,1561287600.0
1130,1561266000.0
1131,1561244400.0
1132,1561222800.0
1133,1561201200.0
1134,1561179600.0
1135,1561158000.0
1136,1561136400.0
1137,1561114800.0
1138,1561093200.0
1139,1561071600.0
1140,1561050000.0
1141,1561028400.0
1142,1561006800.0
1143,1560985200.0
1144,1560963600.0
1145,1560942000.0
1146,1560920400.0
1147,1560898800.0
1148,1560877200.0
1149,1560855600.0
1150,1560834000.0
1151,1560812400.0
1152,1560790800.0
1153,1560769200.0
1154,1560747600.0
1155,1560726000.0
1156,1560704400.0
1157,1560682800.0
1158,1560661200.0
1159,1560639600.0
1160,1560618000.0
1161,1560596400.0
1162,1560574800.0
1163,1560553200.0
1164,1560531600.0
1165,1560510000.0
1166,1560488400.0
1167,1560466800.0
1168,1560445200.0
1169,1560423600.0
1170,1560402000.0
1171,1560380400.0
1172,1560358800.0
1173,1560337200.0
1174,1560315600.0
1175,1560294000.0
1176,1560272400.0
1177,1560250800.0
1178,1560229200.0
1179,1560207600.0
1180,1560186000.0
1181,1560164400.0
1182,1560142800.0
1183,1560121200.0
1184,1560099600.0
1185,1560078000.0
1186,1560056400.0
1187,1560034800.0
1188,1560013200.0
1189,1559991600.0
1190,1559970000.0
1191,1559948400.0
1192,1559926800.0
1193,1559905200.0
1194,1559883600.0
1195,1559862000.0
1196,1559840400.0
1197,1559818800.0
1198,1559797200.0
1199,1559775600.0
1200,1559754000.0
1201,1559732400.0
1202,1559710800.0
1203,1559689200.0
1204,1559667600.0
1205,1559646000.0
1206,1559624400.0
1207,1559602800.0
1208,1559581200.0
1209,1559559600.0
1210,1559538000.0
1211,1559516400.0
1212,1559494800.0
1213,1559473200.0
1214,1559451600.0
1215,1559430000.0
1216,1559408400.0
1217,1559386800.0
1218,1559365200.0
1219,1559343600.0
1220,1559322000.0
1221,1559300400.0
1222,1559278800.0
1223,1559257200.0
1224,1559235600.0
1225,1559214000.0
1226,1559192400.0
1227,1559170800.0
1228,1559149200.0
1229,1559127600.0
1230,1559106000.0
1231,1559084400.0
1232,1559062800.0
1233,1559041200.0
1234,1559019600.0
1235,1558998000.0
1236,1558976400.0
1237,1558954800.0
1238,1558933200.0
1239,1558911600.0
1240,1558890000.0
1241,1558868400.0
1242,1558846800.0
1243,1558825200.0
1244,1558803600.0
1245,1558782000.0
1246,1558760400.0
1247,1558738800.0
1248,1558717200.0
1249,1558695600.0
1250,1558674000.0
1251,1558652400.0
1252,1558630800.0
1253,1558609200.0
1254,1558587600.0
1255,1558566000.0
1256,1558544400.0
1257,1558522800.0
1258,1558501200.0
1259,1558479600.0
1260,1558458000.0
1261,1558436400.0
1262,1558414800.0
1263,1558393200.0
1264,1558371600.0
1265,1558350000.0
1266,1558328400.0
1267,1558306800.0
1268,1558285200.0
1269,1558263600.0
1270,1558242000.0
1271,1558220400.0
1272,1558198800.0
1273,1558177200.0
1274,1558155600.0
1275,1558134000.0
1276,1558112400.0
1277,1558090800.0
1278,1558069200.0
1279,1558047600.0
1280,1558026000.0
1281,1558004400.0
1282,1557982800.0
1283,1557961200.0
1284,1557939600.0
1285,1557918000.0
1286,1557896400.0
1287,1557874800.0
1288,1557853200.0
1289,1557831600.0
1290,1557810000.0
1291,1557788400.0
1292,1557766800.0
1293,1557745200.0
1294,1557723600.0
1295,1557702000.0
1296,1557680400.0
1297,1557658800.0
1298,1557637200.0
1299,1557615600.0
1300,1557594000.0
1301,1557572400.0
1302,1557550800.0
1303,1557529200.0
1304,1557507600.0
1305,1557486000.0
1306,1557464400.0
1307,1557442800.0
1308,1557421200.0
1309,1557399600.0
1310,1557378000.0
1311,1557356400.0
1312,1557334800.0
1313,1557313200.0
1314,1557291600.0
1315,1557270000.0
1316,1557248400.0
1317,1557226800.0
1318,1557205200.0
1319,1557183600.0
1320,1557162000.0
1321,1557140400.0
1322,1557118800.0
1323,1557097200.0
1324,1557075600.0
1325,1557054000.0
1326,1557032400.0
1327,1557010800.0
1328,1556989200.0
1329,1556967600.0
1330,1556946000.0
1331,1556924400.0
1332,1556902800.0
1333,1556881200.0
1334,1556859600.0
1335,1556838000.0
1336,1556816400.0
1337,1556794800.0
1338,1556773200.0
1339,1556751600.0
1340,1556730000.0
1341,1556708400.0
1342,1556686800.0
1343,1556665200.0
1344,1556643600.0
1345,1556622000.0
1346,1556600400.0
1347,1556578800.0
1348,1556557200.0
1349,1556535600.0
1350,1556514000.0
1351,1556492400.0
1352,1556470800.0
1353,1556449200.0
1354,1556427600.0
1355,1556406000.0
1356,1556384400.0
1357,1556362800.0
1358,1556341200.0
1359,1556319600.0
1360,1556298000.0
1361,1556276400.0
1362,1556254800.0
1363,1556233200.0
1364,1556211600.0
1365,1556190000.0
1366,1556168400.0
1367,1556146800.0
1368,1556125200.0
1369,1556103600.0
1370,1556082000.0
1371,1556060400.0
1372,1556038800.0
1373,1556017200.0
1374,1555995600.0
1375,1555974000.0
1376,1555952400.0
1377,1555930800.0
1378,1555909200.0
1379,1555887600.0
1380,1555866000.0
1381,1555844400.0
1382,1555822800.0
1383,1555801200.0
1384,1555779600.0
1385,1555758000.0
1386,1555736400.0
1387,1555714800.0
1388,1555693200.0
1389,1555671600.0
1390,1555650000.0
1391,1555628400.0
1392,1555606800.0
1393,1555585200.0
1394,1555563600.0
1395,1555542000.0
1396,1555520400.0
1397,1555498800.0
1398,1555477200.0
1399,1555455600.0
1400,1555434000.0
1401,1555412400.0
1402,1555390800.0
1403,1555369200.0
1404,1555347600.0
1405,1555326000.0
1406,1555304400.0
1407,1555282800.0
1408,1555261200.0
1409,1555239600.0
1410,1555218000.0
1411,1555196400.0
1412,1555174800.0
1413,1555153200.0
1414,1555131600.0
1415,1555110000.0
1416,1555088400.0
1417,1555066800.0
1418,1555045200.0
1419,1555023600.0
1420,1555002000.0
1421,1554980400.0
1422,1554958800.0
1423,1554937200.0
1424,1554915600.0
1425,1554894000.0
1426,1554872400.0
1427,1554850800.0
1428,1554829200.0
1429,1554807600.0
1430,1554786000.0
1431,1554764400.0
1432,1554742800.0
1433,1554721200.0
1434,1554699600.0
1435,1554678000.0
1436,1554656400.0
1437,1554634800.0
1438,1554613200.0
1439,1554591600.0
1440,1554570000.0
1441,1554548400.0
1442,1554526800.0
1443,1554505200.0
1444,1554483600.0
1445,1554462000.0
1446,1554440400.0
1447,1554418800.0
1448,1554397200.0
1449,1554375600.0
1450,1554354000.0
1451,1554332400.0
1452,1554310800.0
1453,1554289200.0
1454,1554267600.0
1455,1554246000.0
1456,1554224400.0
1457,1554202800.0
1458,1554181200.0
1459,1554159600.0
1460,1554138000.0
